periodo,Precio_cobre_ nominal,Agropecuario-silvícola y pesquero (FOB),"Celulosa, papel y otros (FOB)",Cobre (Miles TM),TPM_USA,TPM_CHN,TPM_CHL,PMI_CHN,IPI_USA,IPI_KOR,IPI_JPN,Exp_Cobre ,Monto_FOB_Cobre,Precio_FMI,INV_BML, Peso_CHL/USD,Yuan_CHN/USD,Yea_JPN/USD,Won_KOR/USD,,,,,
Jan.2003,74.737,236.19,81.89,470.300,1.24,2.70,2.82,,0.70%,4.30%,0.50%,470.3,697.93,44.55,"836,025","722,48","82,775","1,188,133","11,764,524",,,,,
Feb.2003,76.376,233.42,95.00,375.300,1.26,2.70,2.75,,0.30%,10.50%,-0.40%,375.3,555.912,45.92,"820,950","745,21","8,278","1,193,379","11,903,684",,,,,
Mar.2003,75.250,357.70,109.91,342.700,1.25,2.70,2.75,,-0.20%,5.30%,0.60%,342.7,508.654,45.15,"814,700","743,28","82,773","1,186,871","1237,2",,,,,
Apr.2003,72.007,380.14,84.57,392.500,1.26,2.70,2.75,,-0.80%,2.40%,-1.30%,392.5,598.888,43.64,"769,825","718,25","82,772","119,895","12,311,045",,,,,
May.2003,74.765,194.17,129.73,374.200,1.26,2.70,2.75,,0.00%,-0.20%,1.40%,374.2,576.315,45.38,"744,600","703,58","82,769","1,173,681","12,012,333",,,,,
Jun.2003,76.498,122.96,79.90,413.900,1.22,2.70,2.75,,0.00%,9.10%,-0.80%,413.9,633.981,46.38,"665,675","709,18","82,771","118,329","11,941,429",,,,,
Jul.2003,77.564,102.28,132.43,395.300,1.01,2.70,2.75,,0.60%,1.30%,0.70%,395.3,626.625,47.01,"614,900","701,14","82,773","1,186,959","11,811,636",,,,,
Aug.2003,79.845,83.37,110.68,402.800,1.03,2.70,2.75,,-0.30%,2.00%,-1.30%,402.8,666.535,48.04,"621,050","703,77","8,277","1,186,624","1178,6",,,,,
Sep.2003,81.171,82.61,104.32,350.000,1.01,2.70,2.75,,0.60%,7.30%,2.90%,350,594.891,48.75,"580,025","675,44","82,772","114,8","11,654,048",,,,,
Oct.2003,87.114,74.41,124.73,429.800,1.01,2.70,2.75,,0.10%,8.30%,1.70%,429.8,730.499,51.91,"519,300","646,07","82,768","1,094,955","11,693,409",,,,,
Nov.2003,93.233,67.74,99.83,383.900,1,2.70,2.75,,0.80%,5.30%,-0.20%,383.9,677.692,54.65,"466,900","625,47","82,769","1,091,778","11,863,889",,,,,
Dec.2003,99.849,209.70,93.92,356.800,0.98,2.70,2.45,,-0.10%,11.20%,-0.10%,356.8,685.099,59.22,"432,975","602,90","8,277","1,077,377","11,923,364",,,,,
Jan.2004,109.931,242.11,105.08,358.800,1,2.70,1.87,,0.30%,5.10%,1.60%,358.8,834.201,64.34,"363,600","573,64","8,277","1,062,685","1,183,345",,,,,
Feb.2004,125.170,300.50,131.07,365.900,1.01,2.70,1.75,,0.50%,18.00%,-0.20%,365.9,906.363,67.69,"285,100","584,31","82,771","1,067,079","11,675,316",,,,,
Mar.2004,136.473,441.95,150.12,539.700,1,2.70,1.75,,-0.50%,12.40%,-0.50%,539.7,"1,415.85",67.6,"189,125","603,91","82,771","1,085,157","1,166,287",,,,,
Apr.2004,133.752,405.48,122.84,462.700,1,2.70,1.75,,0.40%,11.60%,1.70%,462.7,"1,242.38",66.24,"152,625","608,19","82,769","1,076,564","11,528,636",,,,,
May.2004,123.989,216.08,125.36,527.500,1,2.70,1.75,,0.80%,14.00%,0.00%,527.5,"1,399.80",62.29,"133,775","635,76","82,771","112,196","1,177,875",,,,,
Jun.2004,121.867,129.48,132.09,393.500,1.03,2.70,1.75,,-0.80%,13.10%,0.30%,393.5,"1,014.46",65.54,"104,575","643,50","82,767","1,094,336","11,590,227",,,,,
Jul.2004,127.388,104.92,183.89,476.300,1.26,2.70,1.75,,0.80%,13.10%,1.20%,476.3,"1,221.38",68.33,"88,450","632,39","82,767","1,094,871","1158,7",,,,,
Aug.2004,129.097,92.74,124.74,523.700,1.43,2.70,1.75,,0.00%,10.60%,-1.10%,523.7,"1,372.66",66.55,"104,950","635,93","82,768","1,102,336","11,580,318",,,,,
Sep.2004,131.309,77.00,153.26,366.000,1.61,2.70,1.94,,0.10%,9.60%,0.20%,366,993.945,67.11,"93,550","616,55","82,767","1,100,914","1,148,719",,,,,
Oct.2004,136.633,71.81,128.00,536.300,1.76,3.33,2.00,,1.00%,5.50%,-1.50%,536.3,"1,474.61",70.18,"78,850","607,28","82,765","1,087,835","1141,57",,,,,
Nov.2004,141.648,71.29,155.19,364.000,1.93,3.33,2.15,,0.20%,9.70%,1.00%,364,"1,030.26",70.34,"59,975","596,72","82,765","104,699","1,086,435",,,,,
Dec.2004,142.675,260.67,115.58,571.200,2.16,3.33,2.25,54.70,0.70%,4.20%,-1.30%,571.2,"1,624.11",70.56,"48,875","576,17","82,765","1,038,104","10,503,739",,,,,
Jan.2005,143.789,301.84,146.61,411.500,2.28,3.33,2.42,54.50,0.50%,14.40%,2.30%,411.5,"1,224.99",77.73,"45,675","574,12","82,765","103,341","10,379,825",,,,,
Feb.2005,147.585,312.28,113.65,333.100,2.5,3.33,2.65,57.90,0.60%,-6.80%,-0.20%,333.1,"1,013.59",80.01,"53,975","573,58","82,765","1,049,442","10,231,105",,,,,
Mar.2005,153.296,444.22,162.72,561.800,2.63,3.33,2.75,56.70,-0.10%,5.50%,0.40%,561.8,"1,665.14",82.99,"44,775","586,48","82,765","1,052,543","10,077,761",,,,,
Apr.2005,153.971,444.96,130.51,432.100,2.79,3.33,2.94,52.90,0.10%,4.90%,0.50%,432.1,"1,372.89",82.04,"59,975","580,46","82,765","1,071,938","10,100,667",,,,,
May.2005,147.377,227.91,146.42,396.700,3,3.33,3.14,51.70,0.20%,5.10%,-0.70%,396.7,"1,242.49",81.23,"45,225","578,31","82,765","1,065,952","10,018,386",,,,,
Jun.2005,159.849,134.16,139.81,503.700,3.04,3.33,3.25,51.10,0.40%,4.30%,0.30%,503.7,"1,585.29",81.88,"29,525","585,47","82,765","1,087,473","1012,46",,,,,
Jul.2005,163.938,117.23,170.10,413.200,3.26,3.33,3.40,52.60,-0.20%,7.90%,-0.80%,413.2,"1,384.34",80.5,"30,900","575,77","82,264","1,119,535","1036,56",,,,,
Aug.2005,172.263,112.29,130.62,474.600,3.5,3.33,3.65,55.10,0.20%,6.30%,0.10%,474.6,"1,572.33",83.37,"65,675","546,61","81,017","1,106,065","10,216,804",,,,,
Sep.2005,174.989,89.64,130.29,445.800,3.62,3.33,3.93,54.10,-2.00%,6.20%,0.90%,445.8,"1,576.38",82.82,"83,250","536,70","80,919","111,239","10,298,433",,,,,
Oct.2005,184.148,74.75,138.69,432.100,3.78,3.33,4.18,54.10,1.30%,6.60%,-0.50%,432.1,"1,538.24",83.32,"62,575","535,50","80,895","1,148,695","10,458,775",,,,,
Nov.2005,193.654,80.42,139.67,475.900,4,3.33,4.42,54.30,1.00%,10.60%,1.60%,475.9,"1,798.38",85.99,"71,175","529,88","8,084","118,454","1040,76",,,,,
Dec.2005,207.599,221.94,115.27,456.500,4.16,3.33,4.50,52.10,0.60%,10.70%,0.20%,456.5,"1,788.54",92.2,"89,575","514,33","80,755","1,184,624","1,022,381",,,,,
Jan.2006,214.746,291.48,127.24,389.500,4.29,3.33,4.50,52.10,0.10%,5.60%,0.40%,389.5,"1,899.30",99.7,"97,600","524,48","80,654","1,154,765","981,435",,,,,
Feb.2006,225.998,295.59,135.41,389.000,4.49,3.33,4.66,55.30,0.00%,18.70%,-0.10%,389,"1,933.76",102.61,"108,900","525,70","80,512","1,178,605","9,698,447",,,,,
Mar.2006,231.461,478.77,150.73,594.700,4.59,3.33,4.75,58.10,0.30%,8.60%,0.60%,594.7,"3,342.31",104,"121,925","528,77","8,035","1,172,778","9,747,109",,,,,
Apr.2006,289.745,463.14,138.24,371.400,4.79,3.33,4.88,54.80,0.40%,7.80%,2.00%,371.4,"2,277.29",119.39,"117,725","517,33","80,143","1,170,695","952,595",,,,,
May.2006,364.954,308.30,214.27,485.600,4.94,3.33,5.00,54.10,-0.10%,9.80%,-1.40%,485.6,"3,240.99",136.9,"112,175","520,79","80,131","1,117,305","9,408,168",,,,,
Jun.2006,326.478,180.10,118.70,414.100,4.99,3.33,5.00,52.40,0.40%,9.30%,1.30%,414.1,"2,906.17",126.64,"93,575","542,46","80,042","114,625","954,45",,,,,
Jul.2006,349.815,134.35,215.67,492.300,5.24,3.33,5.14,53.10,0.00%,1.50%,0.40%,492.3,"3,353.71",137.66,"97,450","540,62","79,897","115,767","950,81",,,,,
Aug.2006,349.069,124.67,150.40,410.100,5.25,3.33,5.25,57.00,0.30%,10.00%,0.40%,410.1,"2,912.56",142.82,"125,350","538,53","79,722","1,159,243","9,609,522",,,,,
Sep.2006,344.837,87.24,144.37,451.100,5.25,3.33,5.25,54.70,-0.20%,18.10%,0.00%,451.1,"3,196.12",142.88,"117,575","538,65","79,334","1,172,145","952,29",,,,,
Oct.2006,340.212,85.08,179.52,432.000,5.25,3.33,5.25,55.30,0.00%,4.80%,0.80%,432,"2,959.58",149.08,"130,500","530,95","79,018","118,609","9,526,429",,,,,
Nov.2006,318.838,84.91,175.98,426.600,5.25,3.33,5.25,54.80,-0.10%,7.10%,0.40%,426.6,"2,876.83",148.02,"155,350","527,44","78,622","1,173,205","9,354,143",,,,,
Dec.2006,302.778,275.50,172.17,377.600,5.24,3.33,5.25,55.10,1.00%,2.20%,0.30%,377.6,"2,452.04",151.44,"182,800","527,58","78,219","117,322","924,98",,,,,
Jan.2007,257.171,401.29,245.19,560.745,5.25,3.33,5.09,53.10,-0.50%,8.70%,-1.10%,560.745,"3,352.92",148.68,"211,825","540,51","77,876","1,204,471","9,367,619",,,,,
Feb.2007,257.479,339.44,210.00,415.200,5.26,3.33,5.00,56.10,1.10%,-0.20%,0.60%,415.2,"2,454.13",154.2,"207,975","542,27","77,502","1,205,047","936,9",,,,,
Mar.2007,292.680,503.22,242.03,465.917,5.26,3.33,5.00,58.60,0.10%,3.50%,-0.60%,465.917,"2,855.45",166.32,"178,075","538,49","77,369","117,26","9,428,841",,,,,
Apr.2007,352.281,559.83,253.27,476.130,5.25,3.33,5.00,55.70,0.70%,6.40%,-0.10%,476.13,"3,188.25",183.18,"157,200","532,30","77,247","1,189,324","9,306,905",,,,,
May.2007,348.457,364.98,217.47,597.424,5.25,3.33,5.00,54.50,0.00%,5.80%,-0.40%,597.424,"4,122.88",186.78,"128,925","522,02","76,773","1,207,732","9,275,636",,,,,
Jun.2007,339.100,238.06,260.43,418.940,5.25,3.33,5.00,53.30,0.00%,6.70%,1.20%,418.94,"2,940.22",174.08,"114,700","526,72","76,333","1,226,886","9,278,667",,,,,
Jul.2007,361.691,169.35,309.12,495.128,5.26,3.33,5.15,54.00,0.00%,13.60%,-0.40%,495.128,"3,522.41",167.72,"101,750","519,80","75,757","1,214,148","918,119",,,,,
Aug.2007,340.807,169.09,242.24,383.088,5.02,3.33,5.42,56.10,0.10%,9.00%,3.40%,383.088,"2,677.77",152.1,"139,425","522,92","75,734","1,167,335","9,344,848",,,,,
Sep.2007,346.952,119.55,239.99,458.472,4.94,3.33,5.62,53.20,0.40%,-3.00%,-1.40%,458.472,"3,095.68",150.84,"130,775","516,91","7,521","1,150,435","928,595",,,,,
Oct.2007,363.256,103.88,284.06,567.090,4.76,3.33,5.75,55.40,-0.50%,16.10%,1.60%,567.09,"3,955.54",155.76,"166,975","501,44","75,019","1,158,661","9,149,435",,,,,
Nov.2007,316.005,82.82,318.24,444.987,4.49,3.33,5.75,55.30,0.60%,7.70%,-1.60%,444.987,"3,173.66",149.16,"189,200","506,95","7,421","1,110,729","9,188,095",,,,,
Dec.2007,298.812,235.72,180.04,390.230,4.24,3.33,5.88,53.00,0.00%,9.40%,1.40%,390.23,"2,574.28",139.15,"197,450","499,28","73,682","112,449","931,095",,,,,
Jan.2008,320.283,482.20,291.49,513.402,3.94,4.14,6.17,53.40,-0.20%,12.00%,-2.00%,513.402,"3,465.24",156.9,"178,775","480,90","72,405","1,078,181","9,420,571",,,,,
Feb.2008,357.780,408.91,264.76,406.916,2.98,4.14,6.25,58.40,-0.50%,10.90%,-1.20%,406.916,"2,952.53",165.51,"143,650","467,22","71,644","107,03","944,005",,,,,
Mar.2008,382.800,540.42,255.77,549.296,2.61,4.14,6.25,59.20,0.30%,10.80%,-3.10%,549.296,"4,092.13",174.41,"112,500","442,94","70,722","1,007,562","9,817,348",,,,,
Apr.2008,393.942,730.13,263.11,464.439,2.28,4.14,6.25,53.30,-0.70%,11.20%,-0.30%,464.439,"3,625.14",171.54,"110,525","446,43","69,997","1,026,777","9,868,636",,,,,
May.2008,380.235,493.61,350.25,355.492,1.98,4.14,6.25,52.00,-0.20%,9.20%,2.90%,355.492,"2,846.83",162.7,"124,950","470,10","69,725","1,043,595","10,341,333",,,,,
Jun.2008,374.694,286.14,244.14,450.186,2,4.14,6.58,48.40,0.50%,7.30%,-2.00%,450.186,"3,444.49",157.13,"122,600","493,61","68,993","1,069,152","10,314,857",,,,,
Jul.2008,381.655,263.05,334.22,524.753,2.01,4.14,7.07,48.40,0.20%,8.80%,0.90%,524.753,"3,952.97",155.87,"142,400","502,24","68,355","1,068,518","10,150,545",,,,,
Aug.2008,346.304,204.40,266.33,448.139,2,4.14,7.50,51.20,-1.10%,2.20%,-3.50%,448.139,"3,338.31",146.09,"173,375","516,70","68,462","1,093,624","10,461,143",,,,,
Sep.2008,317.100,145.00,297.16,347.391,1.81,4.14,8.15,44.60,-2.80%,6.60%,1.20%,347.391,"2,383.59",138.07,"198,600","530,17","68,307","1,065,748","11,348,667",,,,,
Oct.2008,223.426,125.43,241.39,496.105,0.97,4.14,8.25,38.80,1.30%,-1.60%,-3.10%,496.105,"3,006.20",110.8,"230,680","618,39","68,358","999,659","13,291,877",,,,,
Nov.2008,168.600,92.75,249.39,475.709,0.39,3.06,8.25,41.20,-0.60%,-13.60%,-8.10%,475.709,"2,126.52",98.34,"291,650","651,51","68,281","969,656","13,987,044",,,,,
Dec.2008,139.343,293.69,194.13,373.426,0.16,2.79,8.25,45.30,-2.00%,-18.40%,-9.60%,373.426,"1,316.23",94.04,"339,775","649,32","68,539","91,275","13,615,727",,,,,
Jan.2009,146.088,403.80,214.23,487.569,0.15,2.79,7.49,49.00,-1.80%,-25.30%,-10.00%,487.569,"1,554.99",97.94,"491,525","623,01","6,836","901,205","13,543,975",,,,,
Feb.2009,150.353,401.07,202.16,413.758,0.22,2.79,5.88,52.40,-1.40%,-9.40%,-9.40%,413.758,"1,344.48",96.88,"542,300","606,00","68,363","929,158","14,395,842",,,,,
Mar.2009,170.086,664.15,229.19,423.469,0.18,2.79,3.27,53.50,-1.50%,-10.10%,1.60%,423.469,"1,552.87",92.76,"499,625","592,93","6,836","97,855","14,496,159",,,,,
Apr.2009,199.878,631.49,196.64,478.394,0.15,2.79,1.92,53.10,-0.50%,-7.40%,5.20%,478.394,"1,919.42",98.17,"405,775","583,18","68,306","98,92","1,332,125",,,,,
May.2009,207.230,341.78,162.88,443.484,0.18,2.79,1.36,53.20,-1.10%,-8.20%,5.90%,443.484,"1,990.03",104.04,"312,275","565,72","68,235","966,445","1,254,345",,,,,
Jun.2009,227.429,219.06,209.64,438.226,0.21,2.79,1.04,53.30,-0.40%,-0.60%,2.40%,438.226,"2,092.40",116,"265,950","553,08","68,334","966,145","12,592,932",,,,,
Jul.2009,236.573,204.87,238.81,491.844,0.16,2.79,0.58,54.00,0.50%,1.00%,1.90%,491.844,"2,588.06",125.69,"280,875","540,42","68,317","94,367","12,596,739",,,,,
Aug.2009,279.653,171.55,229.76,392.724,0.16,2.79,0.50,54.30,0.80%,1.40%,1.80%,392.724,"2,140.23",145.93,"298,925","546,88","68,323","948,971","12,389,952",,,,,
Sep.2009,281.065,155.31,192.83,454.136,0.15,2.79,0.50,55.20,0.70%,12.10%,1.40%,454.136,"2,617.89",134.42,"345,650","549,07","68,277","912,748","12,118,643",,,,,
Oct.2009,285.218,113.89,281.73,419.153,0.12,2.79,0.50,55.20,0.10%,1.20%,0.50%,419.153,"2,473.61",140.59,"372,200","545,83","68,267","903,671","11,737,405",,,,,
Nov.2009,302.800,78.61,268.55,485.166,0.12,2.79,0.50,56.60,0.80%,18.50%,2.60%,485.166,"2,848.12",148.56,"438,525","507,78","68,271","892,674","11,628,368",,,,,
Dec.2009,316.685,281.90,263.06,492.577,0.12,2.79,0.50,55.80,0.60%,34.80%,2.20%,492.577,"3,149.04",156.26,"502,325","501,45","68,275","899,509","11,633,109",,,,,
Jan.2010,335.035,532.47,289.81,507.575,0.11,2.79,0.50,52.00,0.90%,38.70%,2.50%,507.575,"3,514.23",171.66,"541,050","500,66","68,269","911,011","11,381,947",,,,,
Feb.2010,310.628,449.07,274.03,396.681,0.13,2.79,0.50,55.10,0.10%,19.00%,-0.90%,396.681,"2,667.83",167.3,"549,725","532,56","68,285","901,395","11,556,553",,,,,
Mar.2010,338.508,601.99,153.64,457.708,0.16,2.79,0.50,55.70,0.10%,22.80%,0.30%,457.708,"3,198.05",183.1,"514,325","523,16","68,262","907,161","11,360,822",,,,,
Apr.2010,351.311,718.68,80.26,434.026,0.2,2.79,0.50,53.90,0.80%,20.20%,1.30%,434.026,"3,055.87",207.59,"499,300","520,62","68,256","934,527","11,154,591",,,,,
May.2010,310.152,531.14,186.79,410.708,0.2,2.79,0.50,52.10,1.20%,20.00%,-0.10%,410.708,"2,794.13",187.03,"476,725","533,21","68,275","91,973","1,164,841",,,,,
Jun.2010,294.803,323.24,266.60,428.031,0.18,2.79,0.74,51.20,0.10%,16.90%,-1.50%,428.031,"2,891.51",170.55,"451,100","536,67","68,184","908,059","12,141,114",,,,,
Jul.2010,305.506,257.70,295.84,478.953,0.18,2.79,1.24,51.70,1.00%,15.50%,0.30%,478.953,"3,361.96",164.21,"413,500","531,72","67,762","875,005","12,038,095",,,,,
Aug.2010,330.395,213.28,355.17,405.572,0.19,2.79,1.80,53.80,0.20%,17.10%,-0.30%,405.572,"2,835.48",182.31,"398,525","509,32","67,873","853,727","11,795,159",,,,,
Sep.2010,349.688,162.69,296.72,548.794,0.19,2.79,2.20,54.70,-0.20%,3.90%,-1.90%,548.794,"3,982.89",184.67,"374,150","493,93","67,396","843,571","1,159,931",,,,,
Oct.2010,376.137,137.98,336.08,360.410,0.19,2.79,2.64,55.20,0.00%,13.50%,-1.80%,360.41,"2,712.09",195.45,"368,500","484,04","66,678","817,285","1121,94",,,,,
Nov.2010,384.188,120.36,300.32,484.722,0.19,2.79,2.87,53.90,0.40%,10.40%,1.00%,484.722,"3,831.71",202.82,"355,750","482,32","66,538","82,518","1,129,623",,,,,
Dec.2010,414.913,322.40,270.06,528.932,0.18,3.25,3.12,52.90,0.80%,9.80%,3.10%,528.932,"4,371.40",213.36,"377,550","474,78","66,497","833,376","11,454,833",,,,,
Jan.2011,433.439,628.34,343.12,414.279,0.17,3.25,3.25,52.20,-0.10%,13.70%,2.40%,414.279,"3,830.18",225.06,"394,025","489,44","65,964","82,625","11,188,675",,,,,
Feb.2011,447.587,492.45,232.38,331.309,0.16,3.25,3.34,53.40,-0.10%,9.10%,0.40%,331.309,"3,096.06",234.69,"421,000","475,69","65,761","825,368","11,174,368",,,,,
Mar.2011,432.303,699.41,303.17,413.973,0.14,3.25,3.72,52.90,0.80%,8.70%,-15.30%,413.973,"3,826.98",221.39,"439,850","479,65","65,645","81,647","11,192,674",,,,,
Apr.2011,430.153,793.10,376.01,401.887,0.1,3.25,4.30,52.00,0.00%,6.90%,1.00%,401.887,"3,720.55",226.95,"463,650","471,32","65,267","831,771","10,831,762",,,,,
May.2011,404.924,612.15,311.07,464.975,0.09,3.25,4.80,50.90,0.10%,8.30%,5.70%,464.975,"4,159.29",218.57,"467,775","467,73","64,957","811,257","10,843,619",,,,,
Jun.2011,410.294,350.04,246.67,387.296,0.09,3.25,5.13,50.70,0.20%,6.40%,3.90%,387.296,"3,434.02",214.19,"465,250","469,41","64,746","804,259","10,804,523",,,,,
Jul.2011,436.321,254.32,307.75,461.845,0.07,3.25,5.25,50.90,0.90%,3.80%,0.60%,461.845,"4,033.69",219.01,"466,550","462,94","64,575","792,425","1,057,425",,,,,
Aug.2011,410.106,272.85,404.67,404.040,0.1,3.25,5.25,51.20,0.20%,4.80%,0.80%,404.04,"3,558.56",213.3,"463,825","466,79","64,036","769,657","1,073,887",,,,,
Sep.2011,377.155,204.33,331.44,408.165,0.08,3.25,5.25,50.40,0.20%,6.80%,-4.00%,408.165,"3,461.67",206.27,"473,700","483,69","63,885","767,957","11,219,095",,,,,
Oct.2011,333.277,143.71,235.95,454.596,0.07,3.25,5.25,49.00,0.70%,6.20%,2.40%,454.596,"3,545.97",182.79,"429,375","511,74","6,371","76,643","1,150,685",,,,,
Nov.2011,342.543,138.54,281.56,491.466,0.08,3.25,5.25,50.30,-0.20%,5.60%,-2.60%,491.466,"3,733.33",175.18,"386,625","508,44","63,564","775,595","11,334,775",,,,,
Dec.2011,343.258,379.44,253.82,435.634,0.07,3.25,5.25,50.50,0.40%,2.80%,4.00%,435.634,"3,213.86",174.89,"370,900","517,17","63,482","777,967","11,481,262",,,,,
Jan.2012,364.845,637.24,251.13,547.446,0.08,3.25,5.10,51.00,0.00%,-2.00%,2.00%,547.446,"4,220.42",183.22,"330,825","501,34","63,172","76,964","11,403,275",,,,,
Feb.2012,382.047,538.90,275.63,423.367,0.1,3.25,5.00,53.10,0.00%,14.40%,-1.20%,423.367,"3,332.51",187.27,"296,425","481,49","62,997","78,47","1122,69",,,,,
Mar.2012,383.605,827.03,308.83,444.631,0.13,3.25,5.00,53.30,0.00%,0.30%,1.00%,444.631,"3,581.75",187.7,"256,275","485,40","63,125","824,659","1126,17",,,,,
Apr.2012,374.651,816.84,240.26,384.485,0.14,3.25,5.00,50.40,1.10%,0.00%,0.20%,384.485,"3,040.49",186.18,"241,550","486,00","63,043","812,524","11,350,238",,,,,
May.2012,359.242,494.08,299.01,404.080,0.16,3.25,5.00,50.20,-0.10%,2.60%,-3.10%,404.08,"3,180.03",176.15,"230,675","497,09","63,242","796,668","11,566,914",,,,,
Jun.2012,336.570,365.99,273.76,483.725,0.16,3.25,5.00,50.10,0.40%,1.60%,-0.10%,483.725,"3,602.98",169.98,"257,150","505,63","63,633","793,152","11,633,886",,,,,
Jul.2012,344.249,294.13,262.04,517.436,0.16,3.25,5.00,49.20,0.60%,0.30%,-1.20%,517.436,"3,839.91",166.36,"248,825","491,93","63,717","789,348","11,422,781",,,,,
Aug.2012,339.852,253.86,307.24,390.619,0.13,3.25,5.00,49.80,-1.20%,0.30%,-1.30%,390.619,"2,926.92",154.21,"229,900","480,99","63,593","786,909","11,317,457",,,,,
Sep.2012,365.975,156.36,235.29,291.147,0.14,3.25,5.00,50.20,0.40%,0.70%,-4.10%,291.147,"2,142.31",156.92,"219,400","474,97","6,32","781,353","11,229,911",,,,,
Oct.2012,366.027,146.41,257.80,447.131,0.16,3.25,5.00,50.60,-0.40%,-0.80%,1.80%,447.131,"3,396.24",162.63,"239,775","475,36","62,627","790,132","11,053,823",,,,,
Nov.2012,349.003,131.62,321.38,476.458,0.16,3.25,5.00,50.60,1.10%,2.90%,-1.70%,476.458,"3,664.89",162.69,"248,150","480,57","62,338","810,305","10,869,525",,,,,
Dec.2012,361.177,356.36,246.01,422.795,0.16,3.25,5.00,50.40,0.30%,0.80%,2.50%,422.795,"3,225.94",171.85,"320,050","477,13","62,328","837,905","10,752,225",,,,,
Jan.2013,365.109,728.39,319.02,462.456,0.14,3.25,5.00,50.10,-0.10%,7.30%,1.00%,462.456,"3,556.61",183.41,"371,750","472,67","62,215","890,581","10,665,205",,,,,
Feb.2013,366.071,502.50,204.63,477.652,0.15,3.25,5.00,50.90,0.70%,-9.30%,-0.10%,477.652,"3,645.89",185.81,"446,700","472,34","62,323","930,016","10,873,084",,,,,
Mar.2013,347.583,710.97,317.01,401.117,0.14,3.25,5.00,50.60,0.40%,-3.00%,0.20%,401.117,"3,066.72",172.56,"569,775","472,48","62,154","94,77","1,102,871",,,,,
Apr.2013,326.739,945.95,244.18,261.391,0.15,3.25,5.00,50.80,-0.50%,1.70%,1.70%,261.391,"1,920.84",166.77,"618,600","472,14","61,861","977,582","11,208,977",,,,,
May.2013,327.910,722.07,271.44,426.112,0.11,3.25,5.00,50.10,0.00%,-1.40%,2.00%,426.112,"2,949.53",159.24,"608,450","479,58","61,416","1,009,186","11,114,945",,,,,
Jun.2013,317.699,464.03,317.16,634.484,0.09,3.25,5.00,50.3,0.30%,-2.60%,-3.30%,634.484,"4,102.09",152.21,"665,775","502,89","61,342","97,235","11,350,085",,,,,
Jul.2013,312.660,398.95,262.57,439.300,0.09,3.25,5.00,51.0,0.00%,0.90%,3.20%,439.3,"2,908.14",155.92,"612,800","504,96","61,343","996,727","1125,03",,,,,
Aug.2013,325.782,255.59,336.12,561.436,0.08,3.25,5.00,51.1,0.40%,3.30%,-0.70%,561.436,"3,721.47",163.36,"588,000","512,59","61,213","978,123","11,159,418",,,,,
Sep.2013,324.837,182.92,292.79,415.985,0.08,3.25,5.00,51.4,0.60%,-3.60%,1.50%,415.985,"2,519.04",160.86,"538,025","504,57","61,198","99,21","10,823,115",,,,,
Oct.2013,326.076,189.64,378.98,584.556,0.09,3.25,4.90,51.4,-0.10%,3.00%,0.50%,584.556,"3,927.13",161.12,"476,150","500,81","61,032","97,77","10,658,573",,,,,
Nov.2013,320.527,148.25,308.75,501.212,0.08,3.25,4.65,51.0,1.10%,-1.30%,0.10%,501.212,"3,394.06",161.39,"423,825","519,25","60,929","1,000,737","10,615,637",,,,,
Dec.2013,326.720,397.99,227.36,424.355,0.09,3.25,4.50,50.5,0.30%,2.60%,1.10%,424.355,"2,885.15",162.38,"366,425","529,45","60,738","103,46","10,556,348",,,,,
Jan.2014,330.891,795.14,303.95,502.631,0.07,3.25,4.50,50.2,-0.30%,-3.80%,4.00%,502.631,"3,429.69",159.43,"314,525","537,03","60,509","1,037,614","10,671,267",,,,,
Feb.2014,324.416,538.06,208.83,290.991,0.07,3.25,4.40,50.3,0.60%,4.30%,-2.30%,290.991,"1,961.07",155.16,"276,225","554,41","60,816","1,021,253","10,713,063",,,,,
Mar.2014,302.448,811.28,330.58,613.768,0.08,3.25,4.11,50.4,0.70%,2.70%,0.30%,613.768,"4,118.12",147.98,"265,175","563,84","61,729","1,023,395","1,070,491",,,,,
Apr.2014,302.584,885.86,284.34,501.274,0.09,3.25,4.00,50.8,-0.60%,2.40%,-2.50%,501.274,"3,243.29",152.95,"233,325","554,64","62,246","1,024,582","1,042,635",,,,,
May.2014,312.248,603.78,315.08,539.315,0.09,3.25,4.00,51.0,0.60%,2.10%,0.50%,539.315,"3,356.58",148.83,"171,350","555,40","6,238","1,017,738","10,247,867",,,,,
Jun.2014,308.719,374.43,316.43,495.173,0.1,3.25,4.00,51.7,0.20%,0.60%,-3.30%,495.173,"3,160.01",145.35,"154,675","553,06","62,306","1,020,629","10,187,443",,,,,
Jul.2014,322.255,344.20,299.57,470.465,0.09,3.25,3.88,51.1,0.40%,3.40%,0.20%,470.465,"2,999.90",149.67,"146,750","558,21","61,984","101,74","10,210,341",,,,,
Aug.2014,317.540,229.99,276.06,447.645,0.09,3.25,3.63,51.1,-0.10%,-2.80%,-1.50%,447.645,"2,912.74",148.72,"148,150","579,05","61,541","1,029,438","1024,55",,,,,
Sep.2014,311.719,200.09,279.75,415.965,0.09,3.25,3.36,50.8,1.00%,-1.90%,2.70%,415.965,"2,674.27",141.53,"152,550","593,47","61,382","1,074,257","10,358,914",,,,,
Oct.2014,305.685,156.65,317.86,475.853,0.09,3.25,3.14,50.3,-0.10%,0.10%,0.20%,475.853,"3,034.28",134.99,"162,600","589,98","61,251","1,080,264","10,603,359",,,,,
Nov.2014,303.958,147.76,255.75,529.267,0.09,3.25,3.00,50.1,1.30%,-3.40%,-0.60%,529.267,"3,241.26",132.78,"164,300","592,46","61,249","1,162,994","10,978,728",,,,,
Dec.2014,291.340,533.48,334.49,431.417,0.12,3.25,3.00,49.8,-0.10%,0.40%,1.00%,431.417,"2,625.90",125.88,"177,025","612,92","61,886","1,193,233","11,026,224",,,,,
Jan.2015,263.802,786.61,232.23,562.015,0.11,3.25,3.00,49.9,0.20%,1.80%,4.00%,562.015,"3,380.52",120.27,"248,125","620,91","62,181","118,25","1088,13",,,,,
Feb.2015,258.642,562.75,256.30,507.368,0.11,3.25,3.00,50.1,0.10%,-4.70%,-3.40%,507.368,"2,756.23",115.81,"296,375","623,62","62,518","118,76","11,014,605",,,,,
Mar.2015,268.792,728.27,274.94,413.178,0.11,3.25,3.00,50.1,-0.60%,-0.10%,-0.30%,413.178,"2,264.10",113.23,"332,300","628,50","62,386","1,203,945","11,129,005",,,,,
Apr.2015,273.447,742.85,287.80,489.022,0.12,3.25,3.00,50.2,-0.30%,-2.70%,1.00%,489.022,"2,602.32",111.07,"337,925","614,73","6,201","1,195,095","10,846,709",,,,,
May.2015,285.791,423.86,256.62,452.690,0.12,3.25,3.00,50.2,-0.20%,-2.80%,-2.20%,452.69,"2,507.52",117.02,"322,150","607,60","62,035","120,798","10,926,365",,,,,
Jun.2015,264.608,390.08,250.82,435.250,0.13,3.25,3.00,50.0,0.30%,1.20%,0.80%,435.25,"2,438.37",111.97,"324,100","629,99","62,052","1,237,186","11,128,832",,,,,
Jul.2015,247.521,339.66,324.03,636.357,0.13,3.25,3.00,49.7,0.60%,-3.30%,-0.60%,636.357,"3,396.61",102.12,"345,475","650,14","62,085","1,233,109","11,465,468",,,,,
Aug.2015,230.830,227.90,285.47,443.140,0.14,3.25,3.00,49.8,-0.40%,2.40%,-0.50%,443.14,"2,235.18",100.69,"371,250","688,12","63,383","1,230,038","11,781,438",,,,,
Sep.2015,236.235,211.29,233.78,501.656,0.14,3.25,3.00,49.8,-0.20%,1.50%,1.00%,501.656,"2,404.36",100.78,"323,800","691,73","63,676","1,201,476","1184,33",,,,,
Oct.2015,236.894,169.29,280.46,439.376,0.12,3.25,3.13,49.6,-0.20%,-0.30%,1.40%,439.376,"2,108.99",98.07,"267,775","685,31","63,505","1,200,481","1,143,199",,,,,
Nov.2015,218.098,168.69,222.18,432.132,0.12,2.90,3.25,49.7,-0.60%,-1.90%,-1.00%,432.132,"2,071.68",90.21,"244,375","704,00","6,364","1,226,432","11,534,721",,,,,
Dec.2015,209.968,443.11,228.57,482.704,0.24,2.90,3.35,49.4,-0.40%,-1.90%,-1.40%,482.704,"2,164.78",86.01,"236,225","704,24","64,491","121,635","11,699,464",,,,,
Jan.2016,202.43,943.81,275.37,537.259,0.34,2.90,3.50,49.0,0.90%,2.40%,3.70%,537.259,"2,265.41",85.26,"242,375","721,95","65,726","1,182,258","12,033,179",,,,,
Feb.2016,208.45,600.56,218.03,345.494,0.38,2.90,3.50,50.2,-0.50%,-1.50%,-6.20%,345.494,"1,478.05",89.32,"195,625","704,08","65,501","1,146,155","12,162,285",,,,,
Mar.2016,224.42,695.97,238.74,565.278,0.36,2.90,3.50,50.1,-0.60%,-2.80%,3.60%,565.278,"2,435.42",96.92,"144,750","682,07","65,027","1,129,317","1,181,573",,,,,
Apr.2016,220.04,723.23,278.64,521.813,0.37,2.90,3.50,50.1,0.70%,4.30%,0.30%,521.813,"2,388.07",99.07,"149,500","669,93","64,754","1,095,519","11,457,967",,,,,
May.2016,213.57,568.46,225.10,607.623,0.37,2.90,3.50,50.0,-0.40%,0.80%,-2.30%,607.623,"2,677.57",95.83,"151,725","681,87","65,259","1,088,481","11,737,905",,,,,
Jun.2016,210.04,369.05,219.60,509.716,0.38,2.90,3.50,49.9,0.60%,1.60%,1.90%,509.716,"2,162.19",95.01,"191,525","681,07","65,892","1,053,509","11,652,023",,,,,
Jul.2016,220.26,311.47,265.74,408.199,0.39,2.90,3.50,50.4,0.70%,2.30%,0.00%,408.199,"1,757.20",100.44,"209,450","657,57","66,771","104,191","1,140,865",,,,,
Aug.2016,215.83,284.96,237.58,417.826,0.4,2.90,3.50,50.4,-0.40%,-2.00%,1.50%,417.826,"1,889.15",102.24,"293,525","658,89","66,466","1,012,383","11,100,183",,,,,
Sep.2016,213.51,251.69,229.13,427.681,0.4,2.90,3.50,51.2,0.10%,-1.60%,0.00%,427.681,"1,910.88",100.01,"372,225","668,63","66,702","1,017,843","11,083,638",,,,,
Oct.2016,214.65,216.96,212.44,448.532,0.4,2.90,3.50,51.7,0.00%,4.80%,0.10%,448.532,"1,947.09",101.13,"320,825","663,92","67,303","1,039,075","1,128,166",,,,,
Nov.2016,246.90,217.47,236.59,513.263,0.41,2.90,3.50,51.4,-0.40%,4.30%,1.50%,513.263,"2,262.12",115.24,"234,825","666,12","68,402","108,443","1,162,708",,,,,
Dec.2016,257.02,699.17,286.27,591.761,0.54,2.90,3.50,51.3,0.80%,1.70%,0.50%,591.761,"2,914.74",119.53,"322,225","667,17","69,198","1,159,981","1183,07",,,,,
Jan.2017,260.25,740.64,207.47,567.240,0.65,2.90,3.40,51.6,-0.30%,6.60%,-0.80%,567.24,"2,720.92",121.37,"261,325","661,19","68,907","1,148,721","11,791,074",,,,,
Feb.2017,269.50,527.25,229.06,388.072,0.66,2.90,3.25,51.8,0.00%,3.00%,2.00%,388.072,"2,010.74",128.72,"203,100","643,21","68,694","1,129,116","11,404,874",,,,,
Mar.2017,264.06,738.87,288.29,463.234,0.79,2.90,3.13,51.2,0.50%,1.70%,-2.10%,463.234,"2,451.33",127.21,"291,175","661,20","6,894","1,129,165","11,338,617",,,,,
Apr.2017,258.44,651.17,235.12,375.200,0.9,2.90,2.88,51.2,1.00%,0.10%,4.00%,375.2,"2,037.20",116.89,"259,725","655,74","68,876","110,091","11,341,755",,,,,
May.2017,253.63,592.30,255.02,471.285,0.91,2.90,2.65,51.7,0.00%,-0.30%,-3.30%,471.285,"2,448.42",111.67,"311,150","671,54","68,843","1,122,436","11,251,359",,,,,
Jun.2017,258.52,440.47,271.09,426.069,1.04,2.90,2.50,51.4,0.40%,0.10%,1.60%,426.069,"2,167.79",109.86,"249,700","665,15","68,066","1,109,141","11,308,464",,,,,
Jul.2017,271.19,354.23,241.41,495.225,1.15,2.90,2.50,51.7,0.20%,0.10%,-0.80%,495.225,"2,552.43",117.19,"296,975","658,17","67,694","112,417","1,131,746",,,,,
Aug.2017,293.85,402.42,349.50,544.114,1.16,2.90,2.50,52.4,-0.90%,2.70%,2.10%,544.114,"3,001.60",127.02,"228,450","644,24","6,667","109,827","1130,27",,,,,
Sep.2017,298.61,315.20,318.51,437.673,1.15,2.90,2.50,51.6,0.30%,8.40%,-1.10%,437.673,"2,582.15",126.1,"297,250","625,54","6,569","110,776","1,131,599",,,,,
Oct.2017,308.32,252.91,284.44,551.313,1.15,2.90,2.50,51.8,0.90%,-5.90%,0.50%,551.313,"3,432.36",124.23,"274,625","629,55","66,254","1,129,148","11,308,838",,,,,
Nov.2017,309.60,210.62,216.10,492.758,1.16,2.90,2.50,51.6,0.20%,-1.60%,0.60%,492.758,"3,044.55",125.77,"188,525","633,77","6,62","112,819","10,997,945",,,,,
Dec.2017,308.50,516.57,323.07,523.435,1.3,2.90,2.50,51.3,0.90%,-6.00%,2.70%,523.435,"3,555.89",130.23,"201,725","636,92","65,932","1,129,405","1,082,902",,,,,
Jan.2018,321.157,"1,179.43",315.57,527.092,1.41,2.90,2.50,50.3,-0.10%,4.60%,-6.60%,527.092,"3,284.50",136.61,"305,575","605,53","64,233","110,871","1,065,641",,,,,
Feb.2018,317.596,712.73,335.12,412.977,1.42,2.90,2.50,51.5,1.10%,-6.40%,4.10%,412.977,"2,651.68",137.62,"330,800","596,84","63,183","107,97","10,784,747",,,,,
Mar.2018,308.251,708.34,356.34,450.383,1.51,2.90,2.50,51.4,0.50%,-4.30%,1.20%,450.383,"2,928.49",132.47,"383,075","603,45","63,174","1,060,468","10,699,418",,,,,
Apr.2018,310.191,739.48,297.79,505.124,1.69,2.90,2.50,51.9,0.70%,0.90%,0.30%,505.124,"3,189.05",133.89,"334,650","600,55","62,967","1,076,562","10,680,452",,,,,
May.2018,309.430,614.65,376.19,518.518,1.7,2.90,2.50,51.5,-0.10%,0.90%,-0.20%,518.518,"3,244.51",134.35,"311,525","626,12","63,701","1,096,882","10,766,595",,,,,
Jun.2018,315.464,484.23,335.46,531.755,1.82,2.90,2.50,51.2,0.60%,-0.40%,-2.10%,531.755,"3,353.07",135.31,"294,525","636,15","64,651","1,100,638","10,943,552",,,,,
Jul.2018,283.413,405.54,368.07,625.976,1.91,2.90,2.50,51.3,0.10%,0.90%,-0.10%,625.976,"3,764.51",126.91,"254,425","652,41","67,164","111,521","11,222,029",,,,,
Aug.2018,273.959,369.18,443.64,538.165,1.91,2.90,2.50,50.8,0.40%,2.00%,0.70%,538.165,"3,081.81",125.1,"264,925","656,25","68,453","1,109,965","1,120,427",,,,,
Sep.2018,273.064,253.17,371.77,333.841,1.95,2.90,2.50,50.2,0.30%,-8.40%,-1.10%,333.841,"1,869.74",124.52,"202,400","680,91","68,551","1,120,974","1119,82",,,,,
Oct.2018,281.948,283.37,409.08,573.051,2.19,2.90,2.60,50.0,0.10%,10.70%,2.90%,573.051,"3,178.90",127.68,"137,625","676,84","69,191","1,127,218","1,131,615",,,,,
Nov.2018,280.910,190.35,330.86,521.509,2.2,2.90,2.75,49.4,0.60%,0.10%,-1.10%,521.509,"2,913.75",125.89,"136,175","677,61","69,367","113,338","1,125,345",,,,,
Dec.2018,276.429,546.30,310.42,494.514,2.27,2.90,2.75,49.5,0.30%,1.60%,-0.10%,494.514,"2,774.62",123.09,"132,175","681,99","68,837","1,121,994","11,224,244",,,,,
Jan.2019,269.072,"1,429.24",329.03,611.025,2.4,2.90,2.76,49.2,-0.60%,0.10%,-3.70%,611.025,"3,339.66",124.92,"149,200","677,06","67,863","1,089,605","1120,33",,,,,
Feb.2019,284.774,636.59,271.48,369.971,2.4,2.90,3.00,50.5,0.10%,-2.70%,1.40%,369.971,"2,061.03",134.63,"128,475","656,30","67,367","110,44","11,218,333",,,,,
Mar.2019,292.614,697.68,330.46,518.853,2.41,2.90,3.00,50.1,-0.10%,-2.80%,-0.90%,518.853,"2,909.77",136.28,"168,525","667,68","67,119","1,111,443","11,316,005",,,,,
Apr.2019,292.345,737.49,266.40,499.757,2.42,2.90,3.00,49.4,-0.50%,-0.10%,0.60%,499.757,"2,947.32",139.86,"229,175","667,40","67,161","1,116,414","1,142,165",,,,,
May.2019,273.440,623.41,324.74,452.005,2.39,2.90,3.00,49.4,0.40%,-0.20%,2.30%,452.005,"2,605.56",138.99,"212,000","692,00","68,519","1,099,714","11,829,527",,,,,
Jun.2019,266.187,403.39,201.69,481.909,2.38,2.90,2.63,49.7,0.00%,-2.90%,-3.60%,481.909,"2,666.53",141.42,"241,400","692,41","68,977","1,080,685","11,737,845",,,,,
Jul.2019,269.427,429.53,273.13,575.719,2.4,2.90,2.50,49.5,-0.20%,0.60%,1.30%,575.719,"3,054.27",147.8,"290,500","686,06","68,775","1,082,864","11,772,345",,,,,
Aug.2019,258.910,344.79,292.15,510.592,2.13,2.90,2.50,49.8,0.60%,-2.90%,-1.20%,510.592,"2,724.15",133.25,"337,675","713,70","70,629","1,061,886","12,103,782",,,,,
Sep.2019,260.610,284.23,243.27,439.525,2.04,2.90,2.06,49.3,-0.40%,0.40%,1.40%,439.525,"2,310.54",134.76,"264,425","718,44","71,137","107,54","11,941,145",,,,,
Oct.2019,260.493,229.38,260.44,553.615,1.83,2.90,1.94,50.2,-0.80%,-2.50%,-4.20%,553.615,"2,856.07",132.54,"263,400","721,03","70,961","1,081,368","11,834,473",,,,,
Nov.2019,265.791,195.04,202.15,446.884,1.55,2.90,1.75,50.2,1.10%,-0.30%,-0.90%,446.884,"2,329.39",128.3,"208,625","776,53","70,199","1,088,579","11,672,989",,,,,
Dec.2019,274.987,786.98,233.69,486.219,1.55,2.90,1.75,50.0,-0.30%,4.20%,1.30%,486.219,"2,666.30",131.09,"145,700","770,39","70,137","109,101","11,747,052",,,,,
Jan.2020,274.387,"1,347.54",227.02,577.916,1.55,2.90,1.75,35.7,-0.30%,-2.40%,0.80%,577.916,"3,138.63",133.02,"180,725","772,65","69,184","1,092,667","11,674,624",,,,,
Feb.2020,257.933,601.99,167.58,360.327,1.58,2.90,1.75,52.0,0.60%,11.40%,0.40%,360.327,"2,010.62",125.75,"218,175","796,38","69,967","1,100,295","11,953,358",,,,,
Mar.2020,234.901,671.42,191.74,541.495,0.65,2.90,1.38,50.8,-5.40%,7.10%,-3.70%,541.495,"2,879.26",121.52,"222,225","839,38","70,205","1,076,673","12,181,945",,,,,
Apr.2020,228.985,609.49,236.45,571.419,0.05,2.90,0.50,50.6,-11.20%,-4.50%,-9.10%,571.419,"2,729.73",116.05,"253,700","853,38","70,708","1,077,386","12,231,309",,,,,
May.2020,237.402,449.13,256.85,447.679,0.05,2.90,0.50,50.9,1.40%,-9.60%,-8.40%,447.679,"2,112.84",121.21,"261,800","821,81","71,016","107,2","1,228,134",,,,,
Jun.2020,260.470,388.74,244.06,545.726,0.08,2.90,0.50,51.1,5.40%,-0.50%,2.70%,545.726,"2,649.72",132.28,"216,600","793,72","70,816","1,075,782","12,069,459",,,,,
Jul.2020,288.202,388.45,232.55,525.214,0.09,2.90,0.50,51.0,3.00%,-2.50%,8.00%,525.214,"2,811.83",139.97,"128,125","784,73","70,041","1,066,818","11,986,186",,,,,
Aug.2020,294.685,340.60,224.38,474.028,0.1,2.90,0.50,51.5,0.40%,-3.00%,1.70%,474.028,"2,699.16",149.07,"89,350","784,66","6,927","1,060,129","11,868,562",,,,,
Sep.2020,304.470,281.88,208.40,387.775,0.09,2.90,0.50,51.4,-0.60%,8.00%,4.00%,387.775,"2,357.06",152.02,"165,600","773,40","68,106","105,589","11,768,619",,,,,
Oct.2020,304.033,298.92,209.70,474.631,0.09,2.90,0.50,52.1,1.10%,-2.20%,3.80%,474.631,"2,933.80",150.99,"171,300","788,27","67,254","1,052,095","11,437,681",,,,,
Nov.2020,320.392,212.15,228.92,422.962,0.09,2.90,0.50,51.9,0.40%,0.50%,0.00%,422.962,"2,671.83",158.16,"149,800","762,88","66,029","1,044,061","11,160,978",,,,,
Dec.2020,351.772,820.58,245.96,513.265,0.09,2.90,0.50,51.3,1.60%,3.40%,-1.60%,513.265,"3,337.42",180.07,"107,950","734,73","65,393","1,037,952","10,937,876",,,,,
Jan.2021,361.536,"1,306.53",279.24,571.806,0.09,2.90,0.50,50.6,0.90%,7.50%,4.20%,571.806,"3,999.30",189.54,"74,575","723,56","64,672","1,037,883","10,982,367",,,,,
Feb.2021,383.751,829.96,219.92,357.589,0.08,2.90,0.50,51.9,-2.20%,0.90%,-2.10%,357.589,"2,664.18",192.66,"76,225","722,63","64,601","1,053,774","11,118,137",,,,,
Mar.2021,408.459,620.39,194.93,507.775,0.07,2.90,0.50,51.1,1.40%,4.70%,2.20%,507.775,"3,998.58",198.61,"144,500","726,37","65,109","1,086,991","11,302,543",,,,,
Apr.2021,423.454,610.67,394.83,504.507,0.07,2.90,0.50,51.0,0.70%,12.40%,2.50%,504.507,"4,162.56",208.12,"143,725","707,85","65,186","1,090,445","11,178,555",,,,,
May.2021,461.937,410.55,228.92,458.676,0.06,2.90,0.50,50.9,0.80%,15.60%,-5.90%,458.676,"3,880.66",229.07,"122,425","712,26","64,321","109,112","11,236,565",,,,,
Jun.2021,436.013,450.30,261.96,410.746,0.08,2.90,0.50,50.4,0.40%,11.90%,6.20%,410.746,"3,830.40",237.39,"211,525","726,54","6,425","1,101,073","11,226,073",,,,,
Jul.2021,427.901,405.77,388.82,557.757,0.1,2.90,0.63,50.1,0.90%,7.90%,-1.50%,557.757,"4,901.16",238.78,"239,650","750,44","64,763","1,102,143","11,463,948",,,,,
Aug.2021,424.435,399.86,340.28,575.607,0.09,2.90,0.75,49.6,0.40%,9.60%,-3.20%,575.607,"5,015.36",212.24,"253,000","779,83","64,768","1,098,527","11,609,945",,,,,
Sep.2021,422.933,310.49,293.76,425.307,0.08,2.90,1.50,49.2,-1.30%,-1.80%,-5.40%,425.307,"3,769.38",191.43,"219,525","783,63","64,563","110,161","1,172,819",,,,,
Oct.2021,443.545,330.26,261.17,412.922,0.08,2.90,2.25,50.1,1.60%,4.50%,1.10%,412.922,"3,565.20",196.48,"140,175","813,95","64,172","1,131,215","1181,89",,,,,
Nov.2021,442.955,240.18,317.84,480.651,0.08,2.90,2.75,50.3,0.50%,5.90%,7.20%,480.651,"4,384.78",180.06,"76,450","812,62","63,889","113,965","1184,06",,,,,
Dec.2021,433.195,837.56,325.02,491.081,0.08,2.90,3.46,50.1,-0.10%,6.20%,-1.00%,491.081,"4,491.90",190.58,"88,950","849,12","63,693","1,138,329","11,838,871",,,,,
Jan.2022,422.634,"1,470.99",344.73,507.420,0.08,2.90,4.21,50.2,1.40%,4.30%,-1.30%,507.42,"4,525.27",208.89,"87,650","822,05","63,556","1,148,255","11,960,345",,,,,
Feb.2022,443.429,818.70,204.73,352.120,0.08,2.90,5.50,49.5,0.50%,6.50%,0.10%,352.12,"3,113.68",216.64,"73,025","807,07","63,436","1,152,763","11,991,226",,,,,
Mar.2022,450.932,647.72,381.82,458.879,0.2,2.90,5.63,47.4,0.90%,3.70%,0.30%,458.879,"4,252.11",233.43,"91,400","799,19","63,446","1,185,774","12,208,409",,,,,
Apr.2022,464.369,530.92,297.71,434.448,0.33,2.90,7.00,49.6,1.10%,3.30%,-1.30%,434.448,"4,130.86",231.44,"156,050","815,12","6,431","1,263,743","12,351,533",,,,,
May.2022,461.899,482.48,281.49,315.728,0.77,2.90,8.02,50.2,0.20%,7.30%,-7.20%,315.728,"2,964.45",208.09,"149,200","849,39","6,699","1,288,486","12,688,081",,,,,
Jun.2022,424.690,404.97,347.98,441.025,1.21,2.90,8.81,49.0,-0.20%,1.40%,8.90%,441.025,"3,857.10",200.26,"124,275","857,77","66,952","1,339,619","12,774,057",,,,,
Jul.2022,409.736,340.17,300.11,397.571,1.68,2.90,9.43,49.4,0.60%,1.50%,1.00%,397.571,"3,274.58",172.47,"130,575","953,71","67,352","136,709","13,080,295",,,,,
Aug.2022,341.545,322.93,296.51,453.579,2.33,2.90,9.75,50.1,-0.20%,1.00%,2.70%,453.579,"3,282.19",174.74,"118,500","904,35","68,007","1,352,835","13,194,122",,,,,
Sep.2022,361.104,301.81,283.92,484.434,2.56,2.90,10.55,49.2,0.40%,0.80%,-1.60%,484.434,"3,511.55",165.86,"135,250","921,01","70,195","1,432,843","13,963,729",,,,,
Oct.2022,350.840,285.14,286.85,358.426,3.08,2.90,11.07,48.0,-0.10%,-1.10%,-2.60%,358.426,"2,574.03",161.61,"113,125","955,89","71,902","1,470,515","1,426,065",,,,,
Nov.2022,345.693,253.34,248.04,518.424,3.78,2.90,11.25,47.0,-0.20%,-3.70%,-0.10%,518.424,"3,591.70",169.01,"89,700","917,05","71,812","142,445","1361,79",,,,,
Dec.2022,364.233,783.44,306.02,423.823,4.1,2.90,11.25,50.1,-0.70%,-7.30%,-0.10%,423.823,"3,142.19",184.3,"88,925","875,66","69,717","1,349,148","12,935,629",,,,,
Jan.2023,379.429,"1,773.62",321.57,434.434,4.33,2.90,11.25,52.6,0.00%,-12.70%,-4.60%,434.434,"3,340.77",198.82,"75,225","826,34","67,904","1,304,475","12,430,705",,,,,
Feb.2023,408.224,940.55,214.43,366.239,4.57,2.90,11.25,51.9,0.00%,-8.10%,4.50%,366.239,"3,030.00",209.1,"64,100","798,26","6,838","1,330,463","12,754,205",,,,,
Mar.2023,406.201,709.79,333.12,453.660,4.65,2.90,11.25,49.2,0.40%,-7.60%,0.80%,453.66,"3,774.24",203.58,"64,725","809,50","68,909","1,336,643","13,060,161",,,,,
Apr.2023,400.782,444.17,318.03,475.856,4.83,2.90,11.25,48.8,0.50%,-8.90%,-0.40%,475.856,"3,896.62",195.53,"64,550","803,84","68,876","1,334,745","1,322,057",,,,,
May.2023,399.796,453.26,246.86,,5.06,,11.25,,-0.20%,,0.70%,,,178.18,"99,150","798,64","69,854","1,370,532","1327,48",,,,,
,,,,,,,,,,,,,,,,,,,,,,,,
,,,,,,,,,,,,,,,,,,,,,,,,
,,,,,,,,,,,,,,,,,,,,,,,,
,,,,,,,,,,,,,,,,,,,,,,,,
,,,,,,,,,,,,,,,,,,,,,,,,
,,,,,,,,,,,,,,,,,,,,,,,,
,,,,,,,,,,,,,,,,,,,,,,,,
,,,,,,,,,,,,,,,,,,,,,,,,
,,,,,,,,,,,,,,,,,,,,,,,,
,,,,,,,,,,,,,,,,,,,,,,,,
,,,,,,,,,,,,,,,,,,,,,,,,
,,,,,,,,,,,,,,,,,,,,,,,,
,,,,,,,,,,,,,,,,,,,,,,,,
,,,,,,,,,,,,,,,,,,,,,,,,
,,,,,,,,,,,,,,,,,,,,,,,,
,,,,,,,,,,,,,,,,,,,,,,,,
,,,,,,,,,,,,,,,,,,,,,,,,
,,,,,,,,,,,,,,,,,,,,,,,,
,,,,,,,,,,,,,,,,,,,,,,,,
,,,,,,,,,,,,,,,,,,,,,,,,
,,,,,,,,,,,,,,,,,,,,,,,,
,,,,,,,,,,,,,,,,,,,,,,,,
,,,,,,,,,,,,,,,,,,,,,,,,
,,,,,,,,,,,,,,,,,,,,,,,,
,,,,,,,,,,,,,,,,,,,,,,,,
,,,,,,,,,,,,,,,,,,,,,,,,
,,,,,,,,,,,,,,,,,,,,,,,,
,,,,,,,,,,,,,,,,,,,,,,,,
,,,,,,,,,,,,,,,,,,,,,,,,
,,,,,,,,,,,,,,,,,,,,,,,,
,,,,,,,,,,,,,,,,,,,,,,,,
,,,,,,,,,,,,,,,,,,,,,,,,
,,,,,,,,,,,,,,,,,,,,,,,,
,,,,,,,,,,,,,,,,,,,,,,,,
,,,,,,,,,,,,,,,,,,,,,,,,
,,,,,,,,,,,,,,,,,,,,,,,,
,,,,,,,,,,,,,,,,,,,,,,,,
,,,,,,,,,,,,,,,,,,,,,,,,
,,,,,,,,,,,,,,,,,,,,,,,,
,,,,,,,,,,,,,,,,,,,,,,,,
,,,,,,,,,,,,,,,,,,,,,,,,
,,,,,,,,,,,,,,,,,,,,,,,,
,,,,,,,,,,,,,,,,,,,,,,,,
,,,,,,,,,,,,,,,,,,,,,,,,
,,,,,,,,,,,,,,,,,,,,,,,,
,,,,,,,,,,,,,,,,,,,,,,,,
,,,,,,,,,,,,,,,,,,,,,,,,
,,,,,,,,,,,,,,,,,,,,,,,,
,,,,,,,,,,,,,,,,,,,,,,,,
,,,,,,,,,,,,,,,,,,,,,,,,
,,,,,,,,,,,,,,,,,,,,,,,,
,,,,,,,,,,,,,,,,,,,,,,,,
,,,,,,,,,,,,,,,,,,,,,,,,
,,,,,,,,,,,,,,,,,,,,,,,,
,,,,,,,,,,,,,,,,,,,,,,,,
,,,,,,,,,,,,,,,,,,,,,,,,
,,,,,,,,,,,,,,,,,,,,,,,,
,,,,,,,,,,,,,,,,,,,,,,,,
,,,,,,,,,,,,,,,,,,,,,,,,
,,,,,,,,,,,,,,,,,,,,,,,,
,,,,,,,,,,,,,,,,,,,,,,,,
,,,,,,,,,,,,,,,,,,,,,,,,
,,,,,,,,,,,,,,,,,,,,,,,,
,,,,,,,,,,,,,,,,,,,,,,,,
,,,,,,,,,,,,,,,,,,,,,,,,
,,,,,,,,,,,,,,,,,,,,,,,,
,,,,,,,,,,,,,,,,,,,,,,,,
,,,,,,,,,,,,,,,,,,,,,,,,
,,,,,,,,,,,,,,,,,,,,,,,,
,,,,,,,,,,,,,,,,,,,,,,,,
,,,,,,,,,,,,,,,,,,,,,,,,
,,,,,,,,,,,,,,,,,,,,,,,,
,,,,,,,,,,,,,,,,,,,,,,,,
,,,,,,,,,,,,,,,,,,,,,,,,
,,,,,,,,,,,,,,,,,,,,,,,,
,,,,,,,,,,,,,,,,,,,,,,,,
,,,,,,,,,,,,,,,,,,,,,,,,
,,,,,,,,,,,,,,,,,,,,,,,,
,,,,,,,,,,,,,,,,,,,,,,,,
,,,,,,,,,,,,,,,,,,,,,,,,
,,,,,,,,,,,,,,,,,,,,,,,,
,,,,,,,,,,,,,,,,,,,,,,,,
,,,,,,,,,,,,,,,,,,,,,,,,
,,,,,,,,,,,,,,,,,,,,,,,,
,,,,,,,,,,,,,,,,,,,,,,,,
,,,,,,,,,,,,,,,,,,,,,,,,
,,,,,,,,,,,,,,,,,,,,,,,,
,,,,,,,,,,,,,,,,,,,,,,,,
,,,,,,,,,,,,,,,,,,,,,,,,
,,,,,,,,,,,,,,,,,,,,,,,,
,,,,,,,,,,,,,,,,,,,,,,,,
,,,,,,,,,,,,,,,,,,,,,,,,
,,,,,,,,,,,,,,,,,,,,,,,,
,,,,,,,,,,,,,,,,,,,,,,,,
,,,,,,,,,,,,,,,,,,,,,,,,
,,,,,,,,,,,,,,,,,,,,,,,,
,,,,,,,,,,,,,,,,,,,,,,,,
,,,,,,,,,,,,,,,,,,,,,,,,
,,,,,,,,,,,,,,,,,,,,,,,,
,,,,,,,,,,,,,,,,,,,,,,,,
,,,,,,,,,,,,,,,,,,,,,,,,
,,,,,,,,,,,,,,,,,,,,,,,,
,,,,,,,,,,,,,,,,,,,,,,,,
,,,,,,,,,,,,,,,,,,,,,,,,
,,,,,,,,,,,,,,,,,,,,,,,,
,,,,,,,,,,,,,,,,,,,,,,,,
,,,,,,,,,,,,,,,,,,,,,,,,
,,,,,,,,,,,,,,,,,,,,,,,,
,,,,,,,,,,,,,,,,,,,,,,,,
,,,,,,,,,,,,,,,,,,,,,,,,
,,,,,,,,,,,,,,,,,,,,,,,,
,,,,,,,,,,,,,,,,,,,,,,,,
,,,,,,,,,,,,,,,,,,,,,,,,
,,,,,,,,,,,,,,,,,,,,,,,,
,,,,,,,,,,,,,,,,,,,,,,,,
,,,,,,,,,,,,,,,,,,,,,,,,
,,,,,,,,,,,,,,,,,,,,,,,,
,,,,,,,,,,,,,,,,,,,,,,,,
,,,,,,,,,,,,,,,,,,,,,,,,
,,,,,,,,,,,,,,,,,,,,,,,,
,,,,,,,,,,,,,,,,,,,,,,,,
,,,,,,,,,,,,,,,,,,,,,,,,
,,,,,,,,,,,,,,,,,,,,,,,,
,,,,,,,,,,,,,,,,,,,,,,,,
,,,,,,,,,,,,,,,,,,,,,,,,
,,,,,,,,,,,,,,,,,,,,,,,,
,,,,,,,,,,,,,,,,,,,,,,,,
,,,,,,,,,,,,,,,,,,,,,,,,
,,,,,,,,,,,,,,,,,,,,,,,,
,,,,,,,,,,,,,,,,,,,,,,,,
,,,,,,,,,,,,,,,,,,,,,,,,
,,,,,,,,,,,,,,,,,,,,,,,,
,,,,,,,,,,,,,,,,,,,,,,,,
,,,,,,,,,,,,,,,,,,,,,,,,
,,,,,,,,,,,,,,,,,,,,,,,,
,,,,,,,,,,,,,,,,,,,,,,,,
,,,,,,,,,,,,,,,,,,,,,,,,
,,,,,,,,,,,,,,,,,,,,,,,,
,,,,,,,,,,,,,,,,,,,,,,,,
,,,,,,,,,,,,,,,,,,,,,,,,
,,,,,,,,,,,,,,,,,,,,,,,,
,,,,,,,,,,,,,,,,,,,,,,,,
,,,,,,,,,,,,,,,,,,,,,,,,
,,,,,,,,,,,,,,,,,,,,,,,,
,,,,,,,,,,,,,,,,,,,,,,,,
,,,,,,,,,,,,,,,,,,,,,,,,
,,,,,,,,,,,,,,,,,,,,,,,,
,,,,,,,,,,,,,,,,,,,,,,,,
,,,,,,,,,,,,,,,,,,,,,,,,
,,,,,,,,,,,,,,,,,,,,,,,,
,,,,,,,,,,,,,,,,,,,,,,,,
,,,,,,,,,,,,,,,,,,,,,,,,
,,,,,,,,,,,,,,,,,,,,,,,,
,,,,,,,,,,,,,,,,,,,,,,,,
,,,,,,,,,,,,,,,,,,,,,,,,
,,,,,,,,,,,,,,,,,,,,,,,,
,,,,,,,,,,,,,,,,,,,,,,,,
,,,,,,,,,,,,,,,,,,,,,,,,
,,,,,,,,,,,,,,,,,,,,,,,,
,,,,,,,,,,,,,,,,,,,,,,,,
,,,,,,,,,,,,,,,,,,,,,,,,
,,,,,,,,,,,,,,,,,,,,,,,,
,,,,,,,,,,,,,,,,,,,,,,,,
,,,,,,,,,,,,,,,,,,,,,,,,
,,,,,,,,,,,,,,,,,,,,,,,,
,,,,,,,,,,,,,,,,,,,,,,,,
,,,,,,,,,,,,,,,,,,,,,,,,
,,,,,,,,,,,,,,,,,,,,,,,,
,,,,,,,,,,,,,,,,,,,,,,,,
,,,,,,,,,,,,,,,,,,,,,,,,
,,,,,,,,,,,,,,,,,,,,,,,,
,,,,,,,,,,,,,,,,,,,,,,,,
,,,,,,,,,,,,,,,,,,,,,,,,
,,,,,,,,,,,,,,,,,,,,,,,,
,,,,,,,,,,,,,,,,,,,,,,,,
,,,,,,,,,,,,,,,,,,,,,,,,
,,,,,,,,,,,,,,,,,,,,,,,,
,,,,,,,,,,,,,,,,,,,,,,,,
,,,,,,,,,,,,,,,,,,,,,,,,
,,,,,,,,,,,,,,,,,,,,,,,,
,,,,,,,,,,,,,,,,,,,,,,,,
,,,,,,,,,,,,,,,,,,,,,,,,
,,,,,,,,,,,,,,,,,,,,,,,,
,,,,,,,,,,,,,,,,,,,,,,,,
,,,,,,,,,,,,,,,,,,,,,,,,
,,,,,,,,,,,,,,,,,,,,,,,,
,,,,,,,,,,,,,,,,,,,,,,,,
,,,,,,,,,,,,,,,,,,,,,,,,
,,,,,,,,,,,,,,,,,,,,,,,,
,,,,,,,,,,,,,,,,,,,,,,,,
,,,,,,,,,,,,,,,,,,,,,,,,
,,,,,,,,,,,,,,,,,,,,,,,,
,,,,,,,,,,,,,,,,,,,,,,,,
,,,,,,,,,,,,,,,,,,,,,,,,
,,,,,,,,,,,,,,,,,,,,,,,,
,,,,,,,,,,,,,,,,,,,,,,,,
,,,,,,,,,,,,,,,,,,,,,,,,
,,,,,,,,,,,,,,,,,,,,,,,,
,,,,,,,,,,,,,,,,,,,,,,,,
,,,,,,,,,,,,,,,,,,,,,,,,
,,,,,,,,,,,,,,,,,,,,,,,,
,,,,,,,,,,,,,,,,,,,,,,,,
,,,,,,,,,,,,,,,,,,,,,,,,
,,,,,,,,,,,,,,,,,,,,,,,,
,,,,,,,,,,,,,,,,,,,,,,,,
,,,,,,,,,,,,,,,,,,,,,,,,
,,,,,,,,,,,,,,,,,,,,,,,,
,,,,,,,,,,,,,,,,,,,,,,,,
,,,,,,,,,,,,,,,,,,,,,,,,
,,,,,,,,,,,,,,,,,,,,,,,,
,,,,,,,,,,,,,,,,,,,,,,,,
,,,,,,,,,,,,,,,,,,,,,,,,
,,,,,,,,,,,,,,,,,,,,,,,,
,,,,,,,,,,,,,,,,,,,,,,,,
,,,,,,,,,,,,,,,,,,,,,,,,
,,,,,,,,,,,,,,,,,,,,,,,,
,,,,,,,,,,,,,,,,,,,,,,,,
,,,,,,,,,,,,,,,,,,,,,,,,
,,,,,,,,,,,,,,,,,,,,,,,,
,,,,,,,,,,,,,,,,,,,,,,,,
,,,,,,,,,,,,,,,,,,,,,,,,
,,,,,,,,,,,,,,,,,,,,,,,,
,,,,,,,,,,,,,,,,,,,,,,,,
,,,,,,,,,,,,,,,,,,,,,,,,
,,,,,,,,,,,,,,,,,,,,,,,,
,,,,,,,,,,,,,,,,,,,,,,,,
,,,,,,,,,,,,,,,,,,,,,,,,
,,,,,,,,,,,,,,,,,,,,,,,,
,,,,,,,,,,,,,,,,,,,,,,,,
,,,,,,,,,,,,,,,,,,,,,,,,
,,,,,,,,,,,,,,,,,,,,,,,,
,,,,,,,,,,,,,,,,,,,,,,,,
,,,,,,,,,,,,,,,,,,,,,,,,
,,,,,,,,,,,,,,,,,,,,,,,,
,,,,,,,,,,,,,,,,,,,,,,,,
,,,,,,,,,,,,,,,,,,,,,,,,
,,,,,,,,,,,,,,,,,,,,,,,,
,,,,,,,,,,,,,,,,,,,,,,,,
,,,,,,,,,,,,,,,,,,,,,,,,
,,,,,,,,,,,,,,,,,,,,,,,,
,,,,,,,,,,,,,,,,,,,,,,,,
,,,,,,,,,,,,,,,,,,,,,,,,
,,,,,,,,,,,,,,,,,,,,,,,,
,,,,,,,,,,,,,,,,,,,,,,,,
,,,,,,,,,,,,,,,,,,,,,,,,
,,,,,,,,,,,,,,,,,,,,,,,,
,,,,,,,,,,,,,,,,,,,,,,,,
,,,,,,,,,,,,,,,,,,,,,,,,
,,,,,,,,,,,,,,,,,,,,,,,,
,,,,,,,,,,,,,,,,,,,,,,,,
,,,,,,,,,,,,,,,,,,,,,,,,
,,,,,,,,,,,,,,,,,,,,,,,,
,,,,,,,,,,,,,,,,,,,,,,,,
,,,,,,,,,,,,,,,,,,,,,,,,
,,,,,,,,,,,,,,,,,,,,,,,,
,,,,,,,,,,,,,,,,,,,,,,,,
,,,,,,,,,,,,,,,,,,,,,,,,
,,,,,,,,,,,,,,,,,,,,,,,,
,,,,,,,,,,,,,,,,,,,,,,,,
,,,,,,,,,,,,,,,,,,,,,,,,
,,,,,,,,,,,,,,,,,,,,,,,,
,,,,,,,,,,,,,,,,,,,,,,,,
,,,,,,,,,,,,,,,,,,,,,,,,
,,,,,,,,,,,,,,,,,,,,,,,,
,,,,,,,,,,,,,,,,,,,,,,,,
,,,,,,,,,,,,,,,,,,,,,,,,
,,,,,,,,,,,,,,,,,,,,,,,,
,,,,,,,,,,,,,,,,,,,,,,,,
,,,,,,,,,,,,,,,,,,,,,,,,
,,,,,,,,,,,,,,,,,,,,,,,,
,,,,,,,,,,,,,,,,,,,,,,,,
,,,,,,,,,,,,,,,,,,,,,,,,
,,,,,,,,,,,,,,,,,,,,,,,,
,,,,,,,,,,,,,,,,,,,,,,,,
,,,,,,,,,,,,,,,,,,,,,,,,
,,,,,,,,,,,,,,,,,,,,,,,,
,,,,,,,,,,,,,,,,,,,,,,,,
,,,,,,,,,,,,,,,,,,,,,,,,
,,,,,,,,,,,,,,,,,,,,,,,,
,,,,,,,,,,,,,,,,,,,,,,,,
,,,,,,,,,,,,,,,,,,,,,,,,
,,,,,,,,,,,,,,,,,,,,,,,,
,,,,,,,,,,,,,,,,,,,,,,,,
,,,,,,,,,,,,,,,,,,,,,,,,
,,,,,,,,,,,,,,,,,,,,,,,,
,,,,,,,,,,,,,,,,,,,,,,,,
,,,,,,,,,,,,,,,,,,,,,,,,
,,,,,,,,,,,,,,,,,,,,,,,,
,,,,,,,,,,,,,,,,,,,,,,,,
,,,,,,,,,,,,,,,,,,,,,,,,
,,,,,,,,,,,,,,,,,,,,,,,,
,,,,,,,,,,,,,,,,,,,,,,,,
,,,,,,,,,,,,,,,,,,,,,,,,
,,,,,,,,,,,,,,,,,,,,,,,,
,,,,,,,,,,,,,,,,,,,,,,,,
,,,,,,,,,,,,,,,,,,,,,,,,
,,,,,,,,,,,,,,,,,,,,,,,,
,,,,,,,,,,,,,,,,,,,,,,,,
,,,,,,,,,,,,,,,,,,,,,,,,
,,,,,,,,,,,,,,,,,,,,,,,,
,,,,,,,,,,,,,,,,,,,,,,,,
,,,,,,,,,,,,,,,,,,,,,,,,
,,,,,,,,,,,,,,,,,,,,,,,,
,,,,,,,,,,,,,,,,,,,,,,,,
,,,,,,,,,,,,,,,,,,,,,,,,
,,,,,,,,,,,,,,,,,,,,,,,,
,,,,,,,,,,,,,,,,,,,,,,,,
,,,,,,,,,,,,,,,,,,,,,,,,
,,,,,,,,,,,,,,,,,,,,,,,,
,,,,,,,,,,,,,,,,,,,,,,,,
,,,,,,,,,,,,,,,,,,,,,,,,
,,,,,,,,,,,,,,,,,,,,,,,,
,,,,,,,,,,,,,,,,,,,,,,,,
,,,,,,,,,,,,,,,,,,,,,,,,
,,,,,,,,,,,,,,,,,,,,,,,,
,,,,,,,,,,,,,,,,,,,,,,,,
,,,,,,,,,,,,,,,,,,,,,,,,
,,,,,,,,,,,,,,,,,,,,,,,,
,,,,,,,,,,,,,,,,,,,,,,,,
,,,,,,,,,,,,,,,,,,,,,,,,
,,,,,,,,,,,,,,,,,,,,,,,,
,,,,,,,,,,,,,,,,,,,,,,,,
,,,,,,,,,,,,,,,,,,,,,,,,
,,,,,,,,,,,,,,,,,,,,,,,,
,,,,,,,,,,,,,,,,,,,,,,,,
,,,,,,,,,,,,,,,,,,,,,,,,
,,,,,,,,,,,,,,,,,,,,,,,,
,,,,,,,,,,,,,,,,,,,,,,,,
,,,,,,,,,,,,,,,,,,,,,,,,
,,,,,,,,,,,,,,,,,,,,,,,,
,,,,,,,,,,,,,,,,,,,,,,,,
,,,,,,,,,,,,,,,,,,,,,,,,
,,,,,,,,,,,,,,,,,,,,,,,,
,,,,,,,,,,,,,,,,,,,,,,,,
,,,,,,,,,,,,,,,,,,,,,,,,
,,,,,,,,,,,,,,,,,,,,,,,,
,,,,,,,,,,,,,,,,,,,,,,,,
,,,,,,,,,,,,,,,,,,,,,,,,
,,,,,,,,,,,,,,,,,,,,,,,,
,,,,,,,,,,,,,,,,,,,,,,,,
,,,,,,,,,,,,,,,,,,,,,,,,
,,,,,,,,,,,,,,,,,,,,,,,,
,,,,,,,,,,,,,,,,,,,,,,,,
,,,,,,,,,,,,,,,,,,,,,,,,
,,,,,,,,,,,,,,,,,,,,,,,,
,,,,,,,,,,,,,,,,,,,,,,,,
,,,,,,,,,,,,,,,,,,,,,,,,
,,,,,,,,,,,,,,,,,,,,,,,,
,,,,,,,,,,,,,,,,,,,,,,,,
,,,,,,,,,,,,,,,,,,,,,,,,
,,,,,,,,,,,,,,,,,,,,,,,,
,,,,,,,,,,,,,,,,,,,,,,,,
,,,,,,,,,,,,,,,,,,,,,,,,
,,,,,,,,,,,,,,,,,,,,,,,,
,,,,,,,,,,,,,,,,,,,,,,,,
,,,,,,,,,,,,,,,,,,,,,,,,
,,,,,,,,,,,,,,,,,,,,,,,,
,,,,,,,,,,,,,,,,,,,,,,,,
,,,,,,,,,,,,,,,,,,,,,,,,
,,,,,,,,,,,,,,,,,,,,,,,,
,,,,,,,,,,,,,,,,,,,,,,,,
,,,,,,,,,,,,,,,,,,,,,,,,
,,,,,,,,,,,,,,,,,,,,,,,,
,,,,,,,,,,,,,,,,,,,,,,,,
,,,,,,,,,,,,,,,,,,,,,,,,
,,,,,,,,,,,,,,,,,,,,,,,,
,,,,,,,,,,,,,,,,,,,,,,,,
,,,,,,,,,,,,,,,,,,,,,,,,
,,,,,,,,,,,,,,,,,,,,,,,,
,,,,,,,,,,,,,,,,,,,,,,,,
,,,,,,,,,,,,,,,,,,,,,,,,
,,,,,,,,,,,,,,,,,,,,,,,,
,,,,,,,,,,,,,,,,,,,,,,,,
,,,,,,,,,,,,,,,,,,,,,,,,
,,,,,,,,,,,,,,,,,,,,,,,,
,,,,,,,,,,,,,,,,,,,,,,,,
,,,,,,,,,,,,,,,,,,,,,,,,
,,,,,,,,,,,,,,,,,,,,,,,,
,,,,,,,,,,,,,,,,,,,,,,,,
,,,,,,,,,,,,,,,,,,,,,,,,
,,,,,,,,,,,,,,,,,,,,,,,,
,,,,,,,,,,,,,,,,,,,,,,,,
,,,,,,,,,,,,,,,,,,,,,,,,
,,,,,,,,,,,,,,,,,,,,,,,,
,,,,,,,,,,,,,,,,,,,,,,,,
,,,,,,,,,,,,,,,,,,,,,,,,
,,,,,,,,,,,,,,,,,,,,,,,,
,,,,,,,,,,,,,,,,,,,,,,,,
,,,,,,,,,,,,,,,,,,,,,,,,
,,,,,,,,,,,,,,,,,,,,,,,,
,,,,,,,,,,,,,,,,,,,,,,,,
,,,,,,,,,,,,,,,,,,,,,,,,
,,,,,,,,,,,,,,,,,,,,,,,,
,,,,,,,,,,,,,,,,,,,,,,,,
,,,,,,,,,,,,,,,,,,,,,,,,
,,,,,,,,,,,,,,,,,,,,,,,,
,,,,,,,,,,,,,,,,,,,,,,,,
,,,,,,,,,,,,,,,,,,,,,,,,
,,,,,,,,,,,,,,,,,,,,,,,,
,,,,,,,,,,,,,,,,,,,,,,,,
,,,,,,,,,,,,,,,,,,,,,,,,
,,,,,,,,,,,,,,,,,,,,,,,,
,,,,,,,,,,,,,,,,,,,,,,,,
,,,,,,,,,,,,,,,,,,,,,,,,
,,,,,,,,,,,,,,,,,,,,,,,,
,,,,,,,,,,,,,,,,,,,,,,,,
,,,,,,,,,,,,,,,,,,,,,,,,
,,,,,,,,,,,,,,,,,,,,,,,,
,,,,,,,,,,,,,,,,,,,,,,,,
,,,,,,,,,,,,,,,,,,,,,,,,
,,,,,,,,,,,,,,,,,,,,,,,,
,,,,,,,,,,,,,,,,,,,,,,,,
,,,,,,,,,,,,,,,,,,,,,,,,
,,,,,,,,,,,,,,,,,,,,,,,,
,,,,,,,,,,,,,,,,,,,,,,,,
,,,,,,,,,,,,,,,,,,,,,,,,
,,,,,,,,,,,,,,,,,,,,,,,,
,,,,,,,,,,,,,,,,,,,,,,,,
,,,,,,,,,,,,,,,,,,,,,,,,
,,,,,,,,,,,,,,,,,,,,,,,,
,,,,,,,,,,,,,,,,,,,,,,,,
,,,,,,,,,,,,,,,,,,,,,,,,
,,,,,,,,,,,,,,,,,,,,,,,,
,,,,,,,,,,,,,,,,,,,,,,,,
,,,,,,,,,,,,,,,,,,,,,,,,
,,,,,,,,,,,,,,,,,,,,,,,,
,,,,,,,,,,,,,,,,,,,,,,,,
,,,,,,,,,,,,,,,,,,,,,,,,
,,,,,,,,,,,,,,,,,,,,,,,,
,,,,,,,,,,,,,,,,,,,,,,,,
,,,,,,,,,,,,,,,,,,,,,,,,
,,,,,,,,,,,,,,,,,,,,,,,,
,,,,,,,,,,,,,,,,,,,,,,,,
,,,,,,,,,,,,,,,,,,,,,,,,
,,,,,,,,,,,,,,,,,,,,,,,,
,,,,,,,,,,,,,,,,,,,,,,,,
,,,,,,,,,,,,,,,,,,,,,,,,
,,,,,,,,,,,,,,,,,,,,,,,,
,,,,,,,,,,,,,,,,,,,,,,,,
,,,,,,,,,,,,,,,,,,,,,,,,
,,,,,,,,,,,,,,,,,,,,,,,,
,,,,,,,,,,,,,,,,,,,,,,,,
,,,,,,,,,,,,,,,,,,,,,,,,
,,,,,,,,,,,,,,,,,,,,,,,,
,,,,,,,,,,,,,,,,,,,,,,,,
,,,,,,,,,,,,,,,,,,,,,,,,
,,,,,,,,,,,,,,,,,,,,,,,,
,,,,,,,,,,,,,,,,,,,,,,,,
,,,,,,,,,,,,,,,,,,,,,,,,
,,,,,,,,,,,,,,,,,,,,,,,,
,,,,,,,,,,,,,,,,,,,,,,,,
,,,,,,,,,,,,,,,,,,,,,,,,
,,,,,,,,,,,,,,,,,,,,,,,,
,,,,,,,,,,,,,,,,,,,,,,,,
,,,,,,,,,,,,,,,,,,,,,,,,
,,,,,,,,,,,,,,,,,,,,,,,,
,,,,,,,,,,,,,,,,,,,,,,,,
,,,,,,,,,,,,,,,,,,,,,,,,
,,,,,,,,,,,,,,,,,,,,,,,,
,,,,,,,,,,,,,,,,,,,,,,,,
,,,,,,,,,,,,,,,,,,,,,,,,
,,,,,,,,,,,,,,,,,,,,,,,,
,,,,,,,,,,,,,,,,,,,,,,,,
,,,,,,,,,,,,,,,,,,,,,,,,
,,,,,,,,,,,,,,,,,,,,,,,,
,,,,,,,,,,,,,,,,,,,,,,,,
,,,,,,,,,,,,,,,,,,,,,,,,
,,,,,,,,,,,,,,,,,,,,,,,,
,,,,,,,,,,,,,,,,,,,,,,,,
,,,,,,,,,,,,,,,,,,,,,,,,
,,,,,,,,,,,,,,,,,,,,,,,,
,,,,,,,,,,,,,,,,,,,,,,,,
,,,,,,,,,,,,,,,,,,,,,,,,
,,,,,,,,,,,,,,,,,,,,,,,,
,,,,,,,,,,,,,,,,,,,,,,,,
,,,,,,,,,,,,,,,,,,,,,,,,
,,,,,,,,,,,,,,,,,,,,,,,,
,,,,,,,,,,,,,,,,,,,,,,,,
,,,,,,,,,,,,,,,,,,,,,,,,
,,,,,,,,,,,,,,,,,,,,,,,,
,,,,,,,,,,,,,,,,,,,,,,,,
,,,,,,,,,,,,,,,,,,,,,,,,
,,,,,,,,,,,,,,,,,,,,,,,,
,,,,,,,,,,,,,,,,,,,,,,,,
,,,,,,,,,,,,,,,,,,,,,,,,
,,,,,,,,,,,,,,,,,,,,,,,,
,,,,,,,,,,,,,,,,,,,,,,,,
,,,,,,,,,,,,,,,,,,,,,,,,
,,,,,,,,,,,,,,,,,,,,,,,,
,,,,,,,,,,,,,,,,,,,,,,,,
,,,,,,,,,,,,,,,,,,,,,,,,
,,,,,,,,,,,,,,,,,,,,,,,,
,,,,,,,,,,,,,,,,,,,,,,,,
,,,,,,,,,,,,,,,,,,,,,,,,
,,,,,,,,,,,,,,,,,,,,,,,,
,,,,,,,,,,,,,,,,,,,,,,,,
,,,,,,,,,,,,,,,,,,,,,,,,
,,,,,,,,,,,,,,,,,,,,,,,,
,,,,,,,,,,,,,,,,,,,,,,,,
,,,,,,,,,,,,,,,,,,,,,,,,
,,,,,,,,,,,,,,,,,,,,,,,,
,,,,,,,,,,,,,,,,,,,,,,,,
,,,,,,,,,,,,,,,,,,,,,,,,
,,,,,,,,,,,,,,,,,,,,,,,,
,,,,,,,,,,,,,,,,,,,,,,,,
,,,,,,,,,,,,,,,,,,,,,,,,
,,,,,,,,,,,,,,,,,,,,,,,,
,,,,,,,,,,,,,,,,,,,,,,,,
,,,,,,,,,,,,,,,,,,,,,,,,
,,,,,,,,,,,,,,,,,,,,,,,,
,,,,,,,,,,,,,,,,,,,,,,,,
,,,,,,,,,,,,,,,,,,,,,,,,
,,,,,,,,,,,,,,,,,,,,,,,,
,,,,,,,,,,,,,,,,,,,,,,,,
,,,,,,,,,,,,,,,,,,,,,,,,
,,,,,,,,,,,,,,,,,,,,,,,,
,,,,,,,,,,,,,,,,,,,,,,,,
,,,,,,,,,,,,,,,,,,,,,,,,
,,,,,,,,,,,,,,,,,,,,,,,,
,,,,,,,,,,,,,,,,,,,,,,,,
,,,,,,,,,,,,,,,,,,,,,,,,
,,,,,,,,,,,,,,,,,,,,,,,,
,,,,,,,,,,,,,,,,,,,,,,,,
,,,,,,,,,,,,,,,,,,,,,,,,
,,,,,,,,,,,,,,,,,,,,,,,,
,,,,,,,,,,,,,,,,,,,,,,,,
,,,,,,,,,,,,,,,,,,,,,,,,
,,,,,,,,,,,,,,,,,,,,,,,,
,,,,,,,,,,,,,,,,,,,,,,,,
,,,,,,,,,,,,,,,,,,,,,,,,
,,,,,,,,,,,,,,,,,,,,,,,,
,,,,,,,,,,,,,,,,,,,,,,,,
,,,,,,,,,,,,,,,,,,,,,,,,
,,,,,,,,,,,,,,,,,,,,,,,,
,,,,,,,,,,,,,,,,,,,,,,,,
,,,,,,,,,,,,,,,,,,,,,,,,
,,,,,,,,,,,,,,,,,,,,,,,,
,,,,,,,,,,,,,,,,,,,,,,,,
,,,,,,,,,,,,,,,,,,,,,,,,
,,,,,,,,,,,,,,,,,,,,,,,,
,,,,,,,,,,,,,,,,,,,,,,,,
,,,,,,,,,,,,,,,,,,,,,,,,
,,,,,,,,,,,,,,,,,,,,,,,,
,,,,,,,,,,,,,,,,,,,,,,,,
,,,,,,,,,,,,,,,,,,,,,,,,
,,,,,,,,,,,,,,,,,,,,,,,,
,,,,,,,,,,,,,,,,,,,,,,,,
,,,,,,,,,,,,,,,,,,,,,,,,
,,,,,,,,,,,,,,,,,,,,,,,,
,,,,,,,,,,,,,,,,,,,,,,,,
,,,,,,,,,,,,,,,,,,,,,,,,
,,,,,,,,,,,,,,,,,,,,,,,,
,,,,,,,,,,,,,,,,,,,,,,,,
,,,,,,,,,,,,,,,,,,,,,,,,
,,,,,,,,,,,,,,,,,,,,,,,,
,,,,,,,,,,,,,,,,,,,,,,,,
,,,,,,,,,,,,,,,,,,,,,,,,
,,,,,,,,,,,,,,,,,,,,,,,,
,,,,,,,,,,,,,,,,,,,,,,,,
,,,,,,,,,,,,,,,,,,,,,,,,
,,,,,,,,,,,,,,,,,,,,,,,,
,,,,,,,,,,,,,,,,,,,,,,,,
,,,,,,,,,,,,,,,,,,,,,,,,
,,,,,,,,,,,,,,,,,,,,,,,,
,,,,,,,,,,,,,,,,,,,,,,,,
,,,,,,,,,,,,,,,,,,,,,,,,
,,,,,,,,,,,,,,,,,,,,,,,,
,,,,,,,,,,,,,,,,,,,,,,,,
,,,,,,,,,,,,,,,,,,,,,,,,
,,,,,,,,,,,,,,,,,,,,,,,,
,,,,,,,,,,,,,,,,,,,,,,,,
,,,,,,,,,,,,,,,,,,,,,,,,
,,,,,,,,,,,,,,,,,,,,,,,,
,,,,,,,,,,,,,,,,,,,,,,,,
,,,,,,,,,,,,,,,,,,,,,,,,
,,,,,,,,,,,,,,,,,,,,,,,,
,,,,,,,,,,,,,,,,,,,,,,,,
,,,,,,,,,,,,,,,,,,,,,,,,
,,,,,,,,,,,,,,,,,,,,,,,,
,,,,,,,,,,,,,,,,,,,,,,,,
,,,,,,,,,,,,,,,,,,,,,,,,
,,,,,,,,,,,,,,,,,,,,,,,,
,,,,,,,,,,,,,,,,,,,,,,,,
,,,,,,,,,,,,,,,,,,,,,,,,
,,,,,,,,,,,,,,,,,,,,,,,,
,,,,,,,,,,,,,,,,,,,,,,,,
,,,,,,,,,,,,,,,,,,,,,,,,
,,,,,,,,,,,,,,,,,,,,,,,,
,,,,,,,,,,,,,,,,,,,,,,,,
,,,,,,,,,,,,,,,,,,,,,,,,
,,,,,,,,,,,,,,,,,,,,,,,,
,,,,,,,,,,,,,,,,,,,,,,,,
,,,,,,,,,,,,,,,,,,,,,,,,
,,,,,,,,,,,,,,,,,,,,,,,,
,,,,,,,,,,,,,,,,,,,,,,,,
,,,,,,,,,,,,,,,,,,,,,,,,
,,,,,,,,,,,,,,,,,,,,,,,,
,,,,,,,,,,,,,,,,,,,,,,,,
,,,,,,,,,,,,,,,,,,,,,,,,
,,,,,,,,,,,,,,,,,,,,,,,,
,,,,,,,,,,,,,,,,,,,,,,,,
,,,,,,,,,,,,,,,,,,,,,,,,
,,,,,,,,,,,,,,,,,,,,,,,,
,,,,,,,,,,,,,,,,,,,,,,,,
,,,,,,,,,,,,,,,,,,,,,,,,
,,,,,,,,,,,,,,,,,,,,,,,,
,,,,,,,,,,,,,,,,,,,,,,,,
,,,,,,,,,,,,,,,,,,,,,,,,
,,,,,,,,,,,,,,,,,,,,,,,,
,,,,,,,,,,,,,,,,,,,,,,,,
,,,,,,,,,,,,,,,,,,,,,,,,
,,,,,,,,,,,,,,,,,,,,,,,,
,,,,,,,,,,,,,,,,,,,,,,,,
,,,,,,,,,,,,,,,,,,,,,,,,
,,,,,,,,,,,,,,,,,,,,,,,,
,,,,,,,,,,,,,,,,,,,,,,,,
,,,,,,,,,,,,,,,,,,,,,,,,
,,,,,,,,,,,,,,,,,,,,,,,,
,,,,,,,,,,,,,,,,,,,,,,,,
,,,,,,,,,,,,,,,,,,,,,,,,
,,,,,,,,,,,,,,,,,,,,,,,,
,,,,,,,,,,,,,,,,,,,,,,,,
,,,,,,,,,,,,,,,,,,,,,,,,
,,,,,,,,,,,,,,,,,,,,,,,,
,,,,,,,,,,,,,,,,,,,,,,,,
,,,,,,,,,,,,,,,,,,,,,,,,
,,,,,,,,,,,,,,,,,,,,,,,,
,,,,,,,,,,,,,,,,,,,,,,,,
,,,,,,,,,,,,,,,,,,,,,,,,
,,,,,,,,,,,,,,,,,,,,,,,,
,,,,,,,,,,,,,,,,,,,,,,,,
,,,,,,,,,,,,,,,,,,,,,,,,
,,,,,,,,,,,,,,,,,,,,,,,,
,,,,,,,,,,,,,,,,,,,,,,,,
,,,,,,,,,,,,,,,,,,,,,,,,
,,,,,,,,,,,,,,,,,,,,,,,,
,,,,,,,,,,,,,,,,,,,,,,,,
,,,,,,,,,,,,,,,,,,,,,,,,
,,,,,,,,,,,,,,,,,,,,,,,,
,,,,,,,,,,,,,,,,,,,,,,,,
,,,,,,,,,,,,,,,,,,,,,,,,
,,,,,,,,,,,,,,,,,,,,,,,,
,,,,,,,,,,,,,,,,,,,,,,,,
,,,,,,,,,,,,,,,,,,,,,,,,
,,,,,,,,,,,,,,,,,,,,,,,,
,,,,,,,,,,,,,,,,,,,,,,,,
,,,,,,,,,,,,,,,,,,,,,,,,
,,,,,,,,,,,,,,,,,,,,,,,,
,,,,,,,,,,,,,,,,,,,,,,,,
,,,,,,,,,,,,,,,,,,,,,,,,
,,,,,,,,,,,,,,,,,,,,,,,,
,,,,,,,,,,,,,,,,,,,,,,,,
,,,,,,,,,,,,,,,,,,,,,,,,
,,,,,,,,,,,,,,,,,,,,,,,,
,,,,,,,,,,,,,,,,,,,,,,,,
,,,,,,,,,,,,,,,,,,,,,,,,
,,,,,,,,,,,,,,,,,,,,,,,,
,,,,,,,,,,,,,,,,,,,,,,,,
,,,,,,,,,,,,,,,,,,,,,,,,
,,,,,,,,,,,,,,,,,,,,,,,,
,,,,,,,,,,,,,,,,,,,,,,,,
,,,,,,,,,,,,,,,,,,,,,,,,
,,,,,,,,,,,,,,,,,,,,,,,,
,,,,,,,,,,,,,,,,,,,,,,,,
,,,,,,,,,,,,,,,,,,,,,,,,
,,,,,,,,,,,,,,,,,,,,,,,,
,,,,,,,,,,,,,,,,,,,,,,,,
,,,,,,,,,,,,,,,,,,,,,,,,
,,,,,,,,,,,,,,,,,,,,,,,,
,,,,,,,,,,,,,,,,,,,,,,,,
,,,,,,,,,,,,,,,,,,,,,,,,
,,,,,,,,,,,,,,,,,,,,,,,,
,,,,,,,,,,,,,,,,,,,,,,,,
,,,,,,,,,,,,,,,,,,,,,,,,
,,,,,,,,,,,,,,,,,,,,,,,,
,,,,,,,,,,,,,,,,,,,,,,,,
,,,,,,,,,,,,,,,,,,,,,,,,
,,,,,,,,,,,,,,,,,,,,,,,,
,,,,,,,,,,,,,,,,,,,,,,,,
,,,,,,,,,,,,,,,,,,,,,,,,
,,,,,,,,,,,,,,,,,,,,,,,,
,,,,,,,,,,,,,,,,,,,,,,,,
,,,,,,,,,,,,,,,,,,,,,,,,
,,,,,,,,,,,,,,,,,,,,,,,,
,,,,,,,,,,,,,,,,,,,,,,,,
,,,,,,,,,,,,,,,,,,,,,,,,
,,,,,,,,,,,,,,,,,,,,,,,,
,,,,,,,,,,,,,,,,,,,,,,,,
,,,,,,,,,,,,,,,,,,,,,,,,
,,,,,,,,,,,,,,,,,,,,,,,,
,,,,,,,,,,,,,,,,,,,,,,,,
,,,,,,,,,,,,,,,,,,,,,,,,
,,,,,,,,,,,,,,,,,,,,,,,,
,,,,,,,,,,,,,,,,,,,,,,,,
,,,,,,,,,,,,,,,,,,,,,,,,
,,,,,,,,,,,,,,,,,,,,,,,,
,,,,,,,,,,,,,,,,,,,,,,,,
,,,,,,,,,,,,,,,,,,,,,,,,
,,,,,,,,,,,,,,,,,,,,,,,,
,,,,,,,,,,,,,,,,,,,,,,,,
,,,,,,,,,,,,,,,,,,,,,,,,
,,,,,,,,,,,,,,,,,,,,,,,,
,,,,,,,,,,,,,,,,,,,,,,,,
,,,,,,,,,,,,,,,,,,,,,,,,
,,,,,,,,,,,,,,,,,,,,,,,,
,,,,,,,,,,,,,,,,,,,,,,,,
,,,,,,,,,,,,,,,,,,,,,,,,
,,,,,,,,,,,,,,,,,,,,,,,,
,,,,,,,,,,,,,,,,,,,,,,,,
,,,,,,,,,,,,,,,,,,,,,,,,
,,,,,,,,,,,,,,,,,,,,,,,,
,,,,,,,,,,,,,,,,,,,,,,,,
,,,,,,,,,,,,,,,,,,,,,,,,
,,,,,,,,,,,,,,,,,,,,,,,,
,,,,,,,,,,,,,,,,,,,,,,,,
,,,,,,,,,,,,,,,,,,,,,,,,
,,,,,,,,,,,,,,,,,,,,,,,,
,,,,,,,,,,,,,,,,,,,,,,,,
,,,,,,,,,,,,,,,,,,,,,,,,
,,,,,,,,,,,,,,,,,,,,,,,,
,,,,,,,,,,,,,,,,,,,,,,,,
,,,,,,,,,,,,,,,,,,,,,,,,
,,,,,,,,,,,,,,,,,,,,,,,,
,,,,,,,,,,,,,,,,,,,,,,,,
,,,,,,,,,,,,,,,,,,,,,,,,
,,,,,,,,,,,,,,,,,,,,,,,,
,,,,,,,,,,,,,,,,,,,,,,,,
,,,,,,,,,,,,,,,,,,,,,,,,
,,,,,,,,,,,,,,,,,,,,,,,,
,,,,,,,,,,,,,,,,,,,,,,,,
,,,,,,,,,,,,,,,,,,,,,,,,
,,,,,,,,,,,,,,,,,,,,,,,,
,,,,,,,,,,,,,,,,,,,,,,,,
,,,,,,,,,,,,,,,,,,,,,,,,
,,,,,,,,,,,,,,,,,,,,,,,,
,,,,,,,,,,,,,,,,,,,,,,,,
,,,,,,,,,,,,,,,,,,,,,,,,
,,,,,,,,,,,,,,,,,,,,,,,,
,,,,,,,,,,,,,,,,,,,,,,,,
,,,,,,,,,,,,,,,,,,,,,,,,
,,,,,,,,,,,,,,,,,,,,,,,,
,,,,,,,,,,,,,,,,,,,,,,,,
,,,,,,,,,,,,,,,,,,,,,,,,
,,,,,,,,,,,,,,,,,,,,,,,,
,,,,,,,,,,,,,,,,,,,,,,,,
,,,,,,,,,,,,,,,,,,,,,,,,
,,,,,,,,,,,,,,,,,,,,,,,,
,,,,,,,,,,,,,,,,,,,,,,,,
,,,,,,,,,,,,,,,,,,,,,,,,
,,,,,,,,,,,,,,,,,,,,,,,,
,,,,,,,,,,,,,,,,,,,,,,,,
,,,,,,,,,,,,,,,,,,,,,,,,
,,,,,,,,,,,,,,,,,,,,,,,,
,,,,,,,,,,,,,,,,,,,,,,,,